ID;Titolo;Contenuto;Label
66;non proprio soddisfatto...;questa volta non sono proprio soddisfatto. ho ricevuto il pacco con un giorno di ritardo (e questo non sarebbe neanche un problema...per una volta ci può stare) ed il pacco è arrivato praticamente schiacciato  scatola rotta e ...meno male che dentro ci stavano le mascherine sigillate una ad una. più che del prodotto (che acquisto oramai con una certa regolarità) sono decisamente insoddisfatto del corriere.;
15;perfetto!;Un'ottima custodia con tastiera. L'ho regalata a mia zia che ne è entusiasta! Funziona benissimo si collega al volo.. ottimo davvero.;
31;Prodotto funzionale;Cominciamo con la consegna arrivato nei tempi previsti. La scatola si presenta in cartone con illustrazioni. Dentro c'e' il dissuasore il cavo di carica e gli accessori per il montaggio. Le batterie ricaricabili sono gia' montate. Molto carina la forma di gufo il tempo dira' se i piccioni ne avranno paura. Sono presenti due occhi con led bianchi e rossi lampeggianti in allarme ed un tweeter piezo per gli ultrasuoni. Puo' essere fissato con il gancio oppure con il supporto in alluminio diviso in due pezzi. I due potenziometri vanno utilizzati uno per selezionare le frequenza in base agli animali da allontanare il secondo per regolare il volume. Alcune frequenze sono udibili anche dall'uomo. Costruzione robusta. Il sensore di movimento si accendo in ricarica di rosso per diventare verde. Buon prodotto.;
26;Orologio spettacolare!;Ho ricevuto l'orologio una settimana fa e l'ho usato ogni giorno. Devo dire è fantastico per chi pratica sport e non. Partendo dal design e dalla forma molto semplici ed efficaci questo orologio può essere indossato in qualsiasi occasione e non stonerà mai. La moltitudine di quadranti da la possibilità di abbinarlo su qualsiasi capo di abbigliamento. Per quanto riguarda le funzionalità sport non penso si possa desiderare di più permette di tracciare qualsiasi parametro dell'attività fisica e conta anche le ore di sonno! Si può addirittura selezionare quale app può mandare notifiche e si può controllare la musica in riproduzione si Spotify. Tutto questo permette di guardare notifiche selezionare la musica senza dover neanche toccare il proprio smartphone Ho letto che in futuro sarà anche aggiunto l'assistente vocale Alexa il che lo rende un'investimento ancora più solido. Consigliatissimo!;
18;Facile da usare e molto utile!;Mentre lo si indossa si può continuare a svolgere altre attività senza alcun problema.Molto comodo in quelle ore sedentarie. Il prodotto ha una forte capacità di elettrostimolazione più di quanto immaginassi e il muscolo si contrae efficacemente.;
75;non è quanto ordinato;"come da titolo  ho ordinato una borraccia da 400ml  mi è invece arrivata una più piccola  con portapranzo di minecraft  immagino a mò di ""compensazione"". plastica scadente e scorrettezza del venditore. sconsigliato.consegna come sempre impeccabile grazie ad amazon.";
94;NOn compatibile con Fiat Punto Evo;la mia nuva kuga aveva come abbaglianti delle luci alogene gialle che non erano proprio belle in quanto tutto il gruppo ottico e a luce led bianca.ho acquistato queste luci e devo dire che sono rimasto sorpreso.sono h11 ma montano anche come h9 senza nessun problema infatti entrano perfettamente e fa nono una luce molto forte e luminosa al prezzo offerto e un vero affare davvero soddisfatto;
24;Miglior cassa di sempre;Ho comprato questa cassa bluetooth principalmente perché volevo andare in doccia con la musica e potermi rilassare in modo adeguato e vedendo le recensioni l'ho presa subito. Ora vi faccio i pro e i contro: Pro: - Si può attaccare dove si vuole nella doccia e rimane lì anche per ore grazie alla ventosa annessa - Ha i led e due modalità che fanno passare da un colore all'altro quindi crea pure l'atmosfera - Dura moltissimo la batteria della cassa( l'ho caricata una volta e questa sarà la quinta doccia senza che l'abbia ricaricata ancora) - E' impermeabile! Quindi non bisogna aver paura degli schizzi d'acqua - Si sentono molto i bassi quindi qualità prezzo formidabili! Contro: Nessuno! Conclusione: Mi sto trovando benissimo con questa cassa e se volete non spendere tantissimo ma avere la qualità di una cassa molto costosa che sia pure impermeabile prendetela subito! 5/5 stelle! Consigliatissima;
137;Durate Poco;Durate Poco fare che ha un po'app perché un telefono o fare foto. Ottimo rapporto qualità prezzo Le cuffie della batteria della confezione senza alcun tipo di queste! Le ho trovato ho prese senza grandi ricerche. Mi interessava che fossero leggere una buona durata e che ne sono rimasto piacevolmente sorpreso. Molto facile da usare l'ho usato per il mio smartph;
78;Buono;ho messo 3 stelle non per il prodotto a se  che è ottimo  ma non mi ci sono trovata bene perché mi mette mal di pancia di continuo. che peccato.. leva anche la fame e sarebbe stato un ottimo supporto per la dieta e la perdita di kg. purtroppo ho dovuto smettere. cmq amazon come sempre è impeccabile  consegna veloce e confezione integra. ma soprattutto made in italy!;
48;Ottimooo;Ottimo smartwatch con una durata della batteria molto elevata multifunzione con contapassi e registro della qualità del sonno presso come regalo per mio figlio e lui è rimasto contento e soddisfatto. Il caricabatteria è molto comodo per ricaricarlo.;
119;Potete essere migliore;Potete essere migliore a circa ha un po'interno di diverse modalità di ottima qualità. La spazzola ricarica ma anche la console al telefono. Per il montaggio è sicuramente un cavetto led è possibile collegarla alla tv con HDMI la Switch Lite non ha la codifica per la trasmissione video come la versione base ma la fruibilità della console è notevolmente migliorata. L';
86;Buon prodotto;assumo queste compresse da una ventina di giorni e anche se non posso dire di aver riscontrato benefici oggettivi  devo ammettere che dall'odore l'alto concentrato si sente. non ha ritorno di gusto e per me che prendevo quotidianamente miele  curcuma e pepe mischiati  questa soluzione è molto più pratica  non calorica e in più ha l'aggiunta della piperina  con un prezzo concorrenziale.;
138;Insoddisfacente;Insoddisfacente che sono molto buona la macchina. Il prodotto è l'app. Ottimo rapporto qualità prezzo Ho acquistato questa cassa del suono molto bene senza problemi e molto semplice da usare. Le ho provato ad una scatola si può essere utilizzata con un prodotto ha diverse modalità di questo prodotto per ogni punto per chi ha un prezzo. Facile da montare e i capelli in maniera semplice;
96;Un po'piccole;"arrivate nei tempi previsti. impacchettate una per una  quindi molta attenzione all'igiene e comode da portarsi dietro di scorta. le ho trovate piuttosto piccole rispetto ad altre marche e indossarle a lungo ""taglia"" un pòdietro le orecchie.";
22;Tutto perfetto consigliata !!;Antenna perfettamente funzionante si vedono tutti i canali in HD completa di adattatore per antenna classica. Consigliata !!;
47;Webcam ottima. FHD con microfono.;La webcam è arrivata a destinazione nei giorni previsti ed è ottima! La telecamera è full hd ed ha anche un microfono interno! È provvista di un tappo removibile per oscurare il video. In dotazione nella confezione c'è la webcam e il manuale d'istruzione! È possibile usarla anche con un treppiedi in quanto provvista dell'apposito alloggio! In sintesi è un ottimo prodotto!;
57;Una grande schifezza;purtroppo mi sono lasciato convincere da qualche recensione positiva  ma devo dire che chi ha dato una stella ha ragione   è una fregatura .funziona a malapena per 2 minuti poi ha smesso di funzionare  ho cambiato le pile ma niente.non consiglio l acquisto vibra leggermente e la luce è talmente debole che non credo sortisca l effetto dichiarato . insomma una grande schifezza . meglio optare per qualcosa di più serio . l unico aspetto positivo e la consegna ultra veloce con amazon.;
100;Cuffiette che valgono ciò che paghi.;arrivate puntuali le cuffiette ha nono una buona qualità del suono  sono pratiche e con batteria durevole. la cancellazione del rumore non è poi così evidente  direi che lo attenua solamente.mi sembra un buon acquisto  vedremo nel tempo;
133;Acquisto sbagliato .;Acquisto sbagliato. Sono rimasto molto contento l'interno e con un pò di luce e mi ha un cavetto alla tv o per la durata della qualità del suono è molto buona. Ottimo rapporto qualità prezzo Consigliato. Le cuffiette di ricambio e la barba di ricaricabile tramite un po'altro da poco ho un iPadine sono presenti 4 giorni e;
