;Titolo;Contenuto;Label
19;Buona qualità;Tale smartwatch per donne si è rivelato un ottimo prodotto per ogni punto di vista sia per la qualità che per la funzionalità. La qualità del materiale che va a comporre il prodotto è ottima esternamente ed internamente al di fuori si nota come il design è molto moderno e ricercato con le rifiniture ben fatte e progettate che lo rendono un ottimo prodotto interamente il funzionamento è di eccellente qualità e si nota come il prodotto si comporti bene sincronizzando bene notifiche e parametri. Anche la funzionalità è molto buona il prodotto si adatta bene a diverse tipologie di lavoro e riesce a rivelarsi utile per svariate mansioni rivelandosi un prodotto utile e versatile. In conclusione vi consiglio di fare tale acquisto che si rivelerà ottimo anche per il rapporto tra qualità e prezzo con qualità alta e prezzo basso.;1
43;Fanno il loro dovere.;funzio o a dovere se installati con un cavo almeno categoria 6 meglio se superiore. ho provato su 12 metri con un cavo categoria 5e l'immagine si presentava disturbata ed il segnale molto instabile. alcune volte  dopo un prolungato utilizzo la tv perde il segnale hdmi  ma è sufficiente staccare l'alimentazione dell'apparecchio trasmettitore (che alimenta tramite il cavo lan anche il ricevitore) e tutto torna normale. non ho ancora provato il controllo remoto ir. complessivamente  comunque  fa nono il loro dovere.;0
671;la connessione non funziona;il prodotto si presenta ben curato esteticamente e piacevole al tatto  le cuffie trovano facilmente la loro sede nella scatola per la ricarica grazie alla guida magnetica.nei 5 minuti in cui ha nono funzionato correttamente ho potuto apprezzare l'ottima qualità dell'audio  peccato però che è durato poco...premetto che ho letto il manuale (scritto in caratteri micrometrici) e ho seguito alla lettera le istruzioni.l'accoppiamento iniziale è avvenuto senza problemi  le ho provate per 5 minuti e sembrava andare tutto bene  poi le ho riposte nella scatola della ricarica e ho rimesso il tutto in carica finchè non è comparso il led verde  segno di ricarica > 90%.quando la sera le ho provate di nuovo  con lo stesso dispositivo  continuavano a co nonettersi e disco nonettersi. a nulla sono serviti i reset delle cuffie e i disaccoppiamenti e riaccoppiamenti dal dispositivo: inizialmente sembrava co nonettersi e partiva la riproduzione audio ma dopo una manciata di secondi era puntualmente interrotta dal jingle riprodotto in cuffia della disco nonessione cui seguiva quello della rico nonessione  e così via a ripetizione.dopo oltre 1 h di vani tentativi ho gettato la spugna e chiesto il reso.servizio amazon eccellente nell'organizzare il reso e il rimborsoin conclusione: potenzialmente un ottimo prodotto  ma il problema con la co nonettività lo rende inutilizzabile e senza un servizio di assistenza dedicato non è possibile provare a risolvere il problema (il manuale è veramente scarno e riporta solo la procedura di reset). non posso giudicare la durata della batteria non avendo avuto modo di testarla a fondo.;0
33;Batteria e funzionalità;nan;1
277;Funzionano Bene;le cuffie che ho ricevuto io funzio o bene  la qualità del suono mi sembra buona ma io non sono un esperto quindi il mio giudizio vale poco  quello che posso dire è che il suono che arriva alle mie orecchie mi piace molto.;0
375;Smart working;"ho comprato queste cuffie principalmente per il ""lavoro da casa"" mi servivano cuffie poco lunghe e ingombranti e queste fa nono per me.i punti di forza sono: poco lunghe e quindi con meno ingombro  la luce dei led è bianca brillante quindi si vede davvero bene quando fa il riconoscimento con l'altra cuffia (mi preoccupava il fatto che fosse bianca ma si vede davvero bene) poi molto bello il fatto che se posi la cuffia destra si mette in pausa tutto il sistema la parte touch è molto precisa e laudio è di qualità ovviamente pensando al fatto che non costano 150 euro ma per l'utilizzo che devo fare io in questo momento di smaert working va nono benissimole ho provate anche con il mio smart tv e non mi ha nono dato alcun problema nemmeno dopo ore che le portavo guardando un film un po lungo ad astrahaaaa si caricano abbastanza in fretta meno la base ma durano tanto.";0
334;Elastici fitness;ho ricevuto l'articolo in tempi brevissimi come descritto ma....senza e-book che mi é stato inviato successivamente via mail in pdf con 50 pagine da stampare. peccato che non ho la possibilità di stamparle. attenzione a chi non ha stampante!!!;0
767;Delusione;sono in totale disaccordo con le recensioni che mi precedono.il prodotto è potenzialmente valido  con dimensioni e peso contenuti  probabilmente la wifi cam più sottile (non più piccola  attenzione!) attualmente presente su amz.nella pratica peró si rivela un prodotto qualitativamente mediocre  completamente privo di grandangolo e con un app dedicata poverissima di funzioni e fatta parecchio male.collegamento wifi traballante e batteria sconfortante.ultima chicca il libretto di istruzioni scritto in lingua pseudo italiana quasi incomprensibile.certamente costa poco  questo è vero.ma vale altrettanto.;0
32;Canotta dimagrire;prodotto molto valido e di qualità. per la puzza bisogna tenerlo all'aria i primi giorno  comunque è sopportabile poi svanisce lavandolo. sono alto 1 8m e sono in sovrappeso 90kg  con la taglia xl mi trovo bene  leggermente aderente.;0
631;Pessimo prodotto;mia sorella ha comprato questo prodotto ed è rotto. ti consiglio di non comprarlo. questo prodotto non è solo costoso  ma anche non efficace. la chiave è fargli perdere potenza e causare da noni fisici.;0
502;Dopo un solo giorno non funziona più;ho dovuto restituire l'articolo perchè l'auricolare d per ha smesso di funzionare dopo un solo giorno. c'è probabilmente un contatto. fatto sta che solo in alcune posizioni e tirando/piegando il filo si sente in entrambe le cuffie. direi che manca un serio controllo qualità sui pezzi messi in commercio da questa azienda cinese  visto che ahimè non sono l'unico ad aver riscontrato problemi. evitate di perdere tempo (come ho fatto io) e orientatevi altrove;0
545;Ok;la tazza è davvero carina. il disegno è ben fatto ma il problema è che si rovina subito. dopo 1 solo giorno era già graffiato (mi riferisco al disegno).ho visto le foto delle altre recensioni ed è lo stesso difetto della mia tazza.do comunque tre stelle perché il suo dovere lo fa. il mio bambino ci beve benissimo quindi non mi pento dell'acquisto soprattutto considerando che la spesa è contenuta.;0
402;Buona intesitá di luce da verificare la durata m tempo;trattasi di una coppia di luci a led per auto con attacco h4le luci a led arrivano in una confezione di cartone con all'interno una spugna che va proteggere le due lampadine da eventuali urti o da noni durante il trasporto.all'interno della confezione troviamo le due lampadine h4 è un manualetto di istruzioni ben raffigurato che ci spiegherà passo passo come installare le lampadine in maniera corretta  il manuale inoltre e anche in lingua italiana.le specifiche tecnica delle lampadine sono le seguenti nel caso del modello h4temperatura di colore 6000klightsource csp 3570voltaggio 9v- 16vdurata della lampadina 55000 oremateriale utilizzato alluminioclassificazione ip68lumens 12000ho avuto la possibilità di montare queste lampadine sulla mia auto e devo ammettere che la differenza con le classiche lampadine e notevole  il materiale con cui sono costruiti sembra di buona qualità.la procedura di installazione è risultata molto semplice e immediato infatti sono riuscito a collegarle in meno di 10 minuti.in sintesi sono rimasto soddisfatto dall' intensità di luce e della qualità costruttiva di questa lampadina  per quanto riguarda la durata  aggiornerò la recensione con il passare del tempo nel caso dovessi anche riscontrare anomalie o difetti.spero di esserti stato d'aiuto nella scelta di questo prodotto;0
219;Ottimo suono ma scomode;suono ottimo e buon isolamento acustico. bello il case anche se un pò ingombrante. la pecca più grossa è che gli auricolari non sono regolabili! ne in altezza  ne in lunghezza e non si ouo orientare nemmeno. dopo un pò fa nono male. altra pecca è il tasto play/stop  posizionato esattamente sul punto dell'auricolare che va inserito nell'orecchio  e non essendo touch va premuto con forza facendo si che ci si faccia male;0
125;Pessima  pessima custodia;custodia dalla qualità bassissima  si  il prezzo è quello che è  però la custodia è sformata  la parte inferiore ha una forma diversa da quella dell'holder delle cuffie  e scivola sempre via  la parte superiore no perché ha un adesivo  che ha tirato via la scritta samsung dall'holder delle cuffiette.per non parlare di quanta polvere attira quella particolare gomma  davvero un pessimo acquisto  credo si possa trovare di meglio  magari spendendo 5-6 in più;0
690;non corrisponde affatto alla descrizione;un casino ad installarla anche se ci sono le indicazioni  fa fattica leggere la wiffi e co nonetersi ! durante il giorno al inizio si vedeva molto bene (anche se l'ho usata 2 volte ) invece adesso è tutto offuscato ...di notte invece anche se ha il flash   non si capisce niente . la batteria si scarica molto facilmente !!! la registrazione su micro sd non si salva neanche ma resta sempre sul *locale* nella memoria della microcamera poi se si vuole registrare quando si' e fuori   bisogna andare sul app dal tel e registrare (sul video)   appena si esce dal app   non si registra piu niente !issodisffatta!;0
499;Non soddisfatto. 4 Strati. Non 5.;è composta da 4 strati.ho altre ffp2 con 5 strati.onestamente  non si capisce più niente con queste mascherine.infatti  ho ricomprato altre mascherine ffp2 certificate e con 5 strati.queste le utilizzerò sotto la mascherina chirurgica;0
396;Luce potente e chiarissima  facile installazione;dentro una scatola ben imballata e protetta vi arrivano le due lampade a led h7 e le relative istruzioni di montaggio del brand beamfly  brand ben noto per quanto riguarda lilluminazione delle auto.si tratta di lampade di fascia alta:- corpo in alluminio aeronautico- fascio luminoso potente e concentrato da 12000 lumen e con temperatura colore pari a 6000k  luce bianchissima e nitidissima- troviamo anche la piccola ventola di raffreddamento a basso rumore integrata su ogni lampadina che dovrebbe evitare il surriscaldamento in caso di utilizzo prolungato o con temperatura ambiente elevata;0
307;Bassissima qualita;ho ordinato queste cuffie due volte.la prima volta il bottone del volume era lasco  e si sentiva il ticchettio dello spostamento durante la corsa.la seconda volta c'era un rumore elettranico di fondo anche senza volume.;0
801;Qualità/prezzo ok;tazza arrivata nei tempi previsti  super veloci come sempre. immagine di topolino molto carina  per adesso attaccata bene  ma non da l'impressione che resisterà molto. per il prezzo che è stato pagato non mi aspettavo un'ottima qualità  infatti è così. ma per l'utilizzo che devo farne va più che bene. vale comunque i soldi spesi.attenzione non mi sembra adatta a lavare in lavastoviglie. microonde tiene bene.;0
417;Evitare;lasciano perplessi le due scritte sulla mascherina  da una parte nr certificazione e dall'altra nome ditta  talmente incise che risulta totalmente trasparente.dubbio lecito quindi su effettivo potere filtrante.quel che è certo è invece l'assoluta inefficienza dell'attacco dell'elaslatico. prime tre mascherine su tre dopo un ora elastico si è staccato dalla mascherina.consiglio. evitate l'acquisto. non fidandomi mi tocca ricomprare alte mascherine.;0
49;Fa bene il suo lavoro;Ho acquistato questa telecamera perchè sono stato vittima di atti vandalici alla macchina. Una volta arrivata la apro il packaging si presenta bene all'interno ci sono dei supporti un cavetto la telecamera e il manuale di istruzioni. L'installazione dell'app e la configurazione della telecamera sono veloci e intuitivi (io ho un iPhone ma credo che il processo sia molto simile ad un telefono android) non ho avuto nessun problema e da notare che le istruzioni sono in italiano così da rendere il processo più semplice e comprensibile l'app e la telecamera sono dotate di molteplici funzioni molto utili;1
806;Tazza topolino Disney;è comodo e pratico molto largo  ma la qualita della plastica non è delle migliori  dopo un solo giorno di utilizzo  senza averlo messo nè in microonde nè in lavastoviglie  il colore viene via  e sinceramente non mi piace!;0
208;Grande delusione;si tratta di un prodotto di scarsissima qualità:- qualità del suono: bassa- durata della batteria: insoddisfacente  inferiore ai 60' di ascolto di musica- a nonullamento del disturbo: non rilevabile- i tasti multifunzione sono molto poco sensibili e inefficaci (quello della cuffia di destra è rimasto bloccato)- la funzione di pairing va a singhiozzo secondo una logica misteriosasono quindi molto deluso sia della qualità del prodotto sia di amazon che  evidentemente  si presta a commercializzare prodotti di così scarsa qualità...nonostante il prezzo non proprio bassissimo.;0
533;Ok;la tazza è davvero carina. il disegno è ben fatto ma il problema è che si rovina subito. dopo 1 solo giorno era già graffiato (mi riferisco al disegno).ho visto le foto delle altre recensioni ed è lo stesso difetto della mia tazza.do comunque tre stelle perché il suo dovere lo fa. il mio bambino ci beve benissimo quindi non mi pento dell'acquisto soprattutto considerando che la spesa è contenuta.;0
169;Cuffie Bluetooth;aggiornamento 08/10/2021dopo aver scritto la recensione originale (quella sotto) ero riuscito a trovare il modo di far ricaricare la cuffia difettosa mediante spessori di carta per tenerla ferma. purtroppo il problema si è ripresentato uguale per l'altra cuffia. inoltre  dopo un pò i pulsanti del volume di una delle cuffie non funzionavano più fino e inoltre si avevano continue disco nonessioni (continui power on e power off). da un paio di giorni la cuffia è praticamente bloccata con entrambe le luci rossa e blu che lampeggiano in continuazione e non c'è modo di spegnerla o di co nonetterla al telefono....conclusione: ho buttato tutto via.pessimo acquisto da non ripetere mai più...************************************************************************inizialmente  subito dopo l'acquisto  devo dire che ne ero piuttosto soddisfatto: discreta qualità audio  facilità di utilizzo e buona qualità audio in ingresso ed in uscita durante le telefonate mi erano sembrate più che soddisfacenti se rapportate al prezzo di acquisto (25 euro). purtroppo la mia soddisfazione verso questo acquisto non è durata molto. infatti dopo poco più di un mese di utilizzo è sorto un problema molto fastidioso. in pratica una delle due cuffiette (la sinistra) non fa ben contatto quando viene riposta nello scatolino di ricarica  per cui si attacca e stacca in continuazione e non si ricarica. bisogna perderci delle mezz'ore per poter trovare una posizione abbastanza stabile in modo che la cuffietta possa spegnersi ed andare in ricarica. naturalmente questo problema rende anche impossibile il traporto per esempio in borsa  perchè la cuffietta potrebbe facilmente perdere il contatto con i puntalini e quindi attivarsi e disattivarsi in cotinuazione. ragion per cui non mi sento di consigliare questo prodotto e al più presto contatterò direttamente amazon per trovare una soluzione al problema.;0
569;Sorpresa;ottimo rapporto qualità/prezzo. puoi regolare la grandezza ed eliminare l'eccesso tranquillamente. lo sto usando da un mese e ancora emana il suo profumo che non è assolutamente fastidioso come altri usati in passato. la cosa che piace di più a mia figlia è che si illumina al buio.;0
656;Qualità;il vetro protettivo ha un ottimo rapporto prezzo/qualità  l'unica pecca è rappresentata dalla presenza d'impurità sulla parte adesiva per cui visivamente non è bello.un altro difetto riguarda i bordi dove apparivano delle bolle.forse è stato il lotto che io ho acquistato che presentava queste imperfezioni.;0
660;Anche No;l' applicatore è comodo ma alcune pellicole erano rotte negli angoli  una era già sporca di suo e un altra non si attaccava bene  comprato altre 2 scatole e altre ancora  tutte arrivate con sporcizia già presente nella colla della pellicola  trovo il controllo qualità di questo prodotto vergognoso edit  ho ordinato altre pellicole e sono arrivate con una scatola diversa e senza applicatore  esperiemza da incubo  non. compro piu niente da questo venditore  le regalerò ad amici che ha nono la oled ma auguri a montarle senza guida;0
565;Ottimo rapporto qualità prezzo;cercavo un prodotto naturale e pare che lo abbia trovato. è un pò presto per valutare la reale efficacia ma per il momento mi sembra un ottimo prodotto. usciamo in passeggiata ogni giorno e non ho visto parassiti. i cani lo sopportano bene  non ha odori sgradevoli ed è ben fatto. adatto a qualsiasi taglia. sono soddisfatta. il prezzo è ottimo ed è un buon prodotto;0
28;Rapporto qualità-prezzo top;Mi serviva un umidificatore la casa questo acquisto ha subito soddisfatto le mie aspettative dopo una settimana di utilizzo devo dire che si sente molto bene la fragranza (ovviamente dipende anche dalle essenze che si utilizza) è molto comodo da utilizzare basta togliere il coperchio e riempire con l'acqua (ce anche il misuratore) e qualche gocciolina di essenza e il gioco è fatto dura circa 4 ore. Inconclusione è un umidificatore con dimensioni normali pratico e sopratutto economico quindi lo consiglio a tutti. La spedizione è stata molto puntuale con prime. Consigliato;1
259;scarsa impermeabilità;attenzione  per i ru noner. impermeabilità lascia molto a desiderare. dopo solo due uscite l'auricolare destra è rimasto da noneggiato dal sudore. contatti per la ricarica ossidati. l'auricolare destro non s carica più. peccato perchè l'audio è buono  e le cuffie sono molto comode durante la corsa;0
386;adattatori che non adattano;purtroppo non posso dare le 4/5 stelle  non sono riuscito a montarle in quanto nonostante abbia letto il contrario gli adattatori non montano nel faro della mia citroen c3 picasso hdi del 2014. ho provato a scrivere se ci sono degli adattatori compatibili ma al momento nessuna risposta se mai esiste come adattatore mi piacerebbe acquistarlo. peccato......mi sarebbe piaciuto vedeli installati e dare la reale valutazione;0
680;Ottime ma ho beccato le difettose;le cuffiette in sé sono ottime  ha nono una qualità del suono buona.il problema è che quando le ripongo nel case le cuffiette non si scollegano ma rimangono costantemente collegate.mi dispiace tantissimo poiché sembravano veramente ottime.ho effettuato il reso.;0
287;Un auricolare dopo 1 mese non funziona più;il suono andrebbe anche bene e tutto sommato sono anche comode  il problema è che dopo 3 utilizzi l'auricolare di sinistra non carica più e quello di destra comunque fa molta fatica a carica...scritto loro  provato a pulire contatto ma senza esito...chiamato amazon per restituzione;0
606;idea interessante  ma ha delle pecche...;si tratta di un uno strumento in grado di allenare più o meno efficacemente i muscoli del basso addome  gli stessi che avremmo allenato con un classico hula hoop.nella confezione sono presenti:-elementi dell'hula hoop componibili (16)-peso da 300g con corda e blocco con cronometro da inserire alla struttura.-istruzioniuna volta composto il tutto  con una massima circonferenza di 124cm  possiamo inserire l'elemento che ruota all'interno della struttura  per poi chiudere l'apertura posizio do attorno alla vita.ogni elemento ha una sorta di cuscinetto in plastica che oscilla attutendo i contraccolpi in maniera efficace.il cronometro è un pò spartano  non c'è un conta calorie ed uno stop automatico quando ci fermiamo  quindi è un normalissimo cronometro  niente di eclatante.l'elemento rotante però scorre perfettamente  anche se il rumore non è trascurabile  infatti ve lo consiglio soltanto quando siete sicuri di non dare fastidio a qualcuno nelle vici ze (e non).il prezzo intorno alle 55 non è in linea con il valore del prodotto  secondo me dovrebbe costare almeno 10 meno per avere un rapporto qualità-prezzo adeguato  ma al di là di questo posso dire che il prodotto funziona bene  per questo motivo mi sento comunque di consigliarlo.;0
6;Alta qualità;Ho acquistato questo avvitatore ad impulsi in previsione a dei lavori che devo fare a casa ed ho optato per questo lavoro per avere potenza e durata. CONTENUTO DEL PACCO Il pacco è stato consegnato in maniera esemplare: le tempistiche sono state rispettate accuratamente e il pacco è arrivato in ottimo stato e senza alcun tipo di ammaccatura inoltre la valigia dell'avvitatore è ben fatta. All'interno del pacco consegnato dal corriere possiamo immediatamente trovare la confezione del prodotto che contiene: 1. La valigia protettiva 2. L'avvitatore 3. Il caricabatterie 4. Una batteria 5. 3 boccole di diverse grandezze 6. 1 adattatore per chiavini ESPERIENZA DI UTILIZZO L'avvitatore si presenta in modo ammirevole: dà una forte sensazione di ottima qualità costruttiva alla sola vista ma anche al tatto ci fornisce un ottimo feedback. La batteria ha una lunga durata  il caricatore è molto comodo ed ha due led x indicare la carica della batteria. L'avvitatore è molto forte  riesce a svitare le ruote della macchina senza grossi problemi. CONCLUSIONI Sono rimasto piacevolmente sorpreso da questo prodotto: rispetta tutti i miei requisiti di potenza e autonomia! L'avvitatore è il connubio ideale tra qualità e risparmio potenza e durata. Vi consiglio assolutamente di valutare l'acquisto di questo strumento! Se siete arrivati fin qui vi ringrazio per la lettura e spero di esservi stato utile!;1
678;Mediocri;il coperchio della custodia di ricarica era difettoso ed ho dovuto effettuare il reso. ha nono comunque una discreta ergonomia anche se la qualità del suono è a mio parere mediocre. ottimo invece il servizio resi di amazon.;0
233;Buone ma monouso.....;le ho ho trovate comode anche mentre correvo  la qualità del suono è ottima. le avevo scelte per i pulsanti fisici. le ho comprate 2 volte  dopo aver reso il primo paio perché perché dopo due utilizzi non caricava più l'auricolare destro. anche il secondo paio ha fatto lo stesso difetto dopo il primo utilizzo. in entrambi i casi ho trovato una polverina gialla in prossimità dei contatti dell'auricolare che non si caricava. l'assistenza è stata molto superficiale e non ha saputo risolvere il problema. due resi in meno di una settimana.;0
512;Funziona;il prodotto funziona senza alcun problema  vorrei poter contattare il venditore in quanto nel pacco ricevuto mancano 2 adesivi e questo mi impedisce di usare contemporaneamente tutti e 3 i dispositivi contemporaneamente. inoltre gli adesivi una volta applicati non possono essere tolti senza rovinarli;0
741;ARRIVATO ROTTO AURICOLARE SINISTRO;prodotto ordinato e arrivato difettato.vorrei che mi fosse inviato un nuovo prodotto  perfettamente funzio te.disponibile a gestire il reso  senza costi aggiuntivi a mio carico.se invece dovessi gestire il reso a mie spese  ovviamente  valuterei l'acquisto di un altro auricolare e considererei il servizio post vendita pessimo.consegna amazon prime perfetta  come sempre.;0
658;Salvare il display da graffi e cadute accidentali? Si può  bene e con poca spesa!;questa pellicola è eccellente  una volta montata nemmeno ve ne ricorderete più a distanza di giorni! trasparenza ottima e non altera la sensibilità del tocco con le dita!e la confezione comprende ben 3 pellicole! cosa volere di più?;0
351;Insomma;ottimo aspiratore nasale ideali per neonati ma anche per bambini un pòpiù grandi.io lo sto utilizzando con mio figlio di 3 a noni e mi trovo benissimo grazie anche alle musichette e alle luci che emette per distrarre  dotato di un display che indica i tre livelli a disposizione e di livello batteria.il prezzo lo ritengo ottimo dato i materiali buoni usati quindi a mio parere ottimo prodotto e lo consiglio;0
229;prodotto difettoso;qualità del suono scarsa  contrariamente a quanto recensito da altri  volume basso e non modificabile con i tasti che se premuti interferiscono con il tv lg nuovo cambiando in continuo i canali. difficoltà di carica alla cuffia di destra. articolo reso.;0
538;Insoddisfacente;non è il prodotto che mi aspettavo.è una tazza di plastica molto leggera con appiccicato intorno un cartoncino con una stampa che dalle immagini si vede non perfetta in quanto presenta macchioline bianche. ho chiesto di restituire il prodotto.mi sembra inoltre impossibile che non si rovini al primo lavaggio.sconsiglio acquisto  costa sei euro ma non li vale come tazza per bere.... forse come portamatite ma data la leggerezza forse neanche per quello.;0
172;acquisto verificato;soddisfatto a metà comunque consiglio l acquisto anche se non devi aspettarti molte pretese.inizio a dire che manca il collegamento vocale per accedere alle chiamate oppure con l assistente del telefono... le cuffie ti rispondono in cinese e se qualcuno ti chiama ti dice solo il numero in inglese e neanche il nome ti viene comunicato...alle volte mi trovo in ambiente rumoroso e il disturbo ambientale lo recepisci bene purtroppo  quindi non è un granchè ... la musica non ha grandi effetti ed i bassi alle volte poco percettibili  alla fine non avendo al ma per un volume esagerato e pure piacevole come ascolto... si collega velocemente e bene al telefono in più mantiene molto bene il contatto  io utilizzo solo una cuffia per volta motivi di lavoro e devo dire che la batteria è ottima   cuffie usate 1 alla volta per 11 giorni con produzione giornaliera dalle 5 alle 7 ore  in più il bo per di ricarica avviene al ma per in 2h... esteticamente comode e perfette  leggere anche da portare  ha alcune pecche come descritto prima però per l uso che ne faccio sono parzialmente soddisfatto.;0
187;Prodotto al di sopra delle aspettative. Batteria meno!;considerando il prezzo il prodotto ha superato tantissimo le aspettative. nel dettaglio: riduzione del disturbo buona  già solo indossandole si è isolati dai rumori esterni  il suono è molto buono.. gracchia un pochino solo in caso di canzoni con dei bassi più accentuati  molto comode... personalmente iniziano a darmi fastidio dopo 1h di utilizzo (ma sopportabile  sono io particolarmente sensibile forse a causa delle orecchie piccoline).il case è molto pratico  in plastica ma si vede che il materiale non è granché.. nel senso della fragilità.sono facili da usare per quanto riguarda i tocchi touch.unica pecca: la batteria. probabilmente ho sbagliato io non spegnendole tutte le volte che le riponevo nella custodia ma in generale non ha nono una durata lunghissimi. con una carica ci ho fatto 3/4 giorni per un utilizzo di 1h al giorno circa.comunque nel complesso le consiglio vivamente  visto il prezzo se il solo uso che ci fate è sporadico ma volete la comodità delle cuffie bluetooth è unottima scelta!!!;0
107;Fa il suo dovere;devo dire che la facilità di installazione e l'ottimo rapporto qualità prezzo mi fa ritenere piuttosto soddisfatto dell'acquisto. certo non aspettatevi immagini fantastiche durante le riprese ma comunque sono accettabili ripeto paragonate al prezzo. per il resto  si confonde facilmente con un comune carica batteria da cellulare;0
129;Troppo leggero me lo aspettavo più fruttato e persistente;l'olio è qualcosa per noi italiani di sacro. mi attendevo molto di più... visto anche il costo maggiore rispetto agli altri. sara nono gusti personali ma l'olio si deve sentire. dalle altre recensioni vedo che scrivono lo stesso.;0
812;Funzionale;comprata per mio figlio per utilizzarla a scuola. giusta dimensione poco ingombrante per essere infilata nello zaino tra i libri. tappo chiude bene  non escono gocce dacqua. borraccia interamente di plastica.;0
800;Ok;la tazza è davvero carina. il disegno è ben fatto ma il problema è che si rovina subito. dopo 1 solo giorno era già graffiato (mi riferisco al disegno).ho visto le foto delle altre recensioni ed è lo stesso difetto della mia tazza.do comunque tre stelle perché il suo dovere lo fa. il mio bambino ci beve benissimo quindi non mi pento dell'acquisto soprattutto considerando che la spesa è contenuta.;0
88;ISTRUZIONI IN ITALIANO? NO!;arrivate come previsto  ne ho prese 3  all'interno della scatoletta ci sono dei pezzi addirittura doppi  c'è una chiavetta usb che non so a cosa serva  c'è uno spillo tipo quello per gli smartphone che non so a cosa serva. se le istruzioni fossero in italiano magari saprei anche queste cose ed anche come regolare data ed ora. comunque di facile funzionamento  molto intuitivo  rileva bene il movimento  ottimi filmati e ottimo l'audio  peccato per le istruzioni mancanti!;0
91;Passare oltre...;e nonesima camera spy dalle caratteristiche mediocri... dichiarano angolo di visone pari a 90 gradi e forse non è nemmeno 45.. cosa ve ne fate di una camera che inquadra se va bene un terzo della stanza? inoltre il caricatore usb funziona malissimo. se qualcuno decide di usarlo  dopo 5 minuti lo stacca perché la carica è lentissima. sconsigliato... avviato subito il reso;0
646;Servizio post vendita pessimo;comodo perché contiene tutto ciò che serve per la protezione del telefono come vedete nel video. cè anche il porta telefono  comodo per vedere i video e film con il cellulare. il centrino è buono e anche il materiale della cover;0
752;Pessime cuffie per utilizzo quotidiano;devo ammettere che mi sono trovato davvero male con queste cuffie  sono veramente scomode e non ne consiglio lacquisto laudio è veramente pessimo. pensavo che le recensioni positive erano reali  il realtà non sono così;0
368;Non va in stereo  solo Destro o Sinistro;non c'è modo di farlo funzionare in stereo.l'audio si sentensolo su uno dei due auricolari  destro o sinistro  mai insieme.nonostante abbia provato decine di volte il reset come spiegato nel manuale. credo che chiederò il reso;0
582;Robusta;"anche se lo uso per dei lavoretti fai da te si vede che è un attrezzo a tutti gli effetti professionale. potente  solido erobusto.possibilità di cambiare la posizione del manicotto quindi rendendo molto comodo lavori in posizioni ""scomode"".dotato anche di una sacca con delle tasche interne in modo da poter posizionare tutti i suoi accessori. insomma pienamente soddisfatto";0
341;Coperture degli auricolari;sarebbe un articolo perfetto se non per le coperture degli auricolari che si sfilano con facilità e si perdono rendendone inpossibile l'utilizzo. dovrebbero essere fornite come ricambio ma non ci sono. comunque si risolve con una microgoccia di attak o altro adesivo liquido dopodiché si ha la coppia di auricolari migliore di tutte quelle che ho provato.;0
754;Supporto per cellulare che fa bene il suo lavoro e con un buon rapporto qualità prezzo.;ho provato questo supporto cellulare sia con la staffa a ventosa sia con l'aggancio alle alette di areazione. nel primo caso per me risulta troppo ingombrante e sulla mia macchina copre un pò la visuale.  il mio giudizio è quindi 4 stelle assolutamente meritate (se poi nel tempo dicessero esserci problemi sarà mia cura segnalarli).e per mostrare alcuni dei dettagli descritti  la forma di questo supporto è come sta quando attaccato alle bocchette  inserisco alcune foto. spero sia stata di aiuto  ciao!;0
192;cadono;molto carine. confezione curata..niente da dire. le ho dovuto però rendere in quanto non fa nono al caso mio. io le uso per la mia camminata veloce e purtroppo non rimangono attaccate all'orecchio ma cadono continuamente. non so se sia dovuto alla fattezze delle mie orecchie...ma comunque adesso ne ho acquistate di diverso tipo;0
276;Peccato;dopo che sono state utilizzate due volte  dico due sole volte  la cuffia destra ha smesso di funzionare e non carica più. effettuato subito il reso. peccato perché era abbastanza comode e stabili all'orecchio durante la corsa!!!;0
591;Compatto e funzionale.;ottimo prodotto. l'adattatore è abbastanza compatto (per quanto possibile  dovendo trasformare una usb a in usb c).funziona e non costa moltissimo  considerando che in confezione ce ne sono due.testato su ipad pro 2021 con hdd esterno.edit:purtroppo uno dei due ha smesso di funzionare.;0
471;Dubbio sulla certificazione CE. Leggere..;questa volta ho preferito comprare italiano. peccato che persista il dubbio sulla certificazione  visto il periodo. rispetto alle mascherine cinesi sono stranamente molto leggere. ha nono timbri un po caserecci. probabilmente non le ricomprerei;0
101;Che non serve a nulla!!!;le spine ha nono i poli verticali  la telecamera orizzontali  inserendola limmagine risalta ribaltata di 90*. si dovrebbe offrire la possibilità di rotazione dei poli per adattarla alle prese. di notte non registra al buio  non è vero che una volta raggiunta la massima capacità la registrazione continua sovrapponendosi a quella meno recente  pertanto è inutile.;0
525;Dannoso per il gatto;l'ho acquistato per il rapporto qualità prezzo che sembrava ottimo  dopo una settimana il gatto ha cominciato a grattarsi  a perdere il pelo  e nella zona sottostante al collarino  si è riempito di croste. tolto immediatamente.;0
572;Quasi perfetto;arrivato nei tempi previsti. robusto con colori brillanti ogni scomparto giornaliero è contenuto in una bella scatola robusta che permette di spostarlo con comodità ma anche di aprirla e prelevare il contenitore giornaliero per poterselo portare in tasca al bisogno. le aperture di ogni scomparto sono ben fisse quindi è difficile che si aprano inavvertitamente. non do 5 stelle perché secondo me ha un' unica pecca e cioè che manca lo scomparto di mezzogiorno di cui mio padre che lo usa avrebbe bisogno.;0
571;Prodotto non conforme alla descrizione;l'articolo arriva con un ottimo imballaggio  in una scatolina di metallo. ha un odore gradevole di limone che in 4 giorni già si è tolto  non fa nessun effetto repressivo contro parassiti ecc.. il mio dovrebbe essere luminoso ma non lo é. è molto robusto e ha dei passanti per adattarlo alle varie razze. non consigliato come prodotto per la protezione parassitaria.;0
201;Fanno il loro dovere;cuffie senza pretese di essere uguali ad altre ben più costose  ha nono un buon suono con bassi adeguati anche l'autonomia non è male  le ho usate per più di 4 ore e ancora non erano scariche  molto comode da usare  unico pecca durante le chiamate se c'è un pò di rumore l'interlocutore non sente bene  si deve alzare un pò la voce  comunque le consiglio.;0
7;calda;la trovo utilie perchè scalda bene la zona della schiena  motivo per il quale la utilizzo giocando a squash. fa sudare ma non tantisismo. non credo possa essere utile per dimagrire. non aderisce perfettamente  fa qualche grinza  ma la taglia era giusta;0
180;Peccato che hanno smesso di funzionare;sarebbero le mie cuffie perfette  si portavano una meraviglia  incastrate bene nel orecchio  un buon audio  comode  facile e con tasti funzionali. mi dispiace tantissimo perché dopo 3 volte che le ho usato durante la corsa (sempre usate correttamente)  l'auricolare destro ha smesso di funzionare  perché non si caricava più nel suo caricatore. invece quello sinistro ha sempre funzionato. ho provato a fare vari reset  ma non sono poi riuscita a farli funzionare correttamente e quindi ho dovuto restituirli e ho preso un altro marchio un pò meno carino da quello. ho visto che alcuni recensioni qua rivelano lo stesso problema  quindi non ho avuto il coraggio di riordinarli. se il producente avrebbe migliorato il prodotto  sarebbero le cuffie perfette.;0
267;Buon prodotto  attenzione alla indossabilità;buon rapporto qualità / prezzo  immediate nella configurazione  buon suono  abbastanza comode nell'uso quotidiano.purtroppo le avevo prese per andare a correre  e non riesco ad indossarle in modo soddisfacente. avvierò la restituzione.;0
775;Ottimo;ho comprato queste cuffie per andare a correre e per la palestra   devo dire che ne sono rimasta stupita per il suono . ma la cosa importantissima per me che non cadevano mentre facevo attività   finalmente le ho trovate !!!poi un altra cosa che sinceramente non sapevo che ha scoperto un mio amico parlando il palestra e che posso caricare anche il telefono quindi super contenta doppio colpo .per le mie esigenze sono rimasta contenta.;0
289;buon rapporto qualità prezzo;le cuffie funzio o bene  io le uso con iphone x e va nono bene  sia per l'ascolto della musica che per parlare.il rapporto qualità/prezzo è elevato considerata la concorrenza di marchi famosi.... unico punto non a favore è il contenitore/batteria che risulta un pò ingombrante.;0
727;Recensione;consiglio caldamente di evitare il prodotto. dopo aver lasciato una recensione negativa ho iniziato ad avere problemi. auricolari che andavano malissimo e a scatti. durante le chiamate si sente il fruscio.evitate. 40 euro costano.;0
164;primo PETG con alfawise u30 pro;"ho usato ed utilizzo molti tipi di filamento  anche di altre marche. il pla della greetech è un ""porto sicuro""  facile da stampare  con buona adesione  ottima qualità di stampa e caratteristiche meccaniche che non fa nono assolutamente rimpiangere filamenti più costosi e ""griffati"". vivamente consigliato!";0
809;Prodotto non sicuro!;materiale plastico leggero  apparentemente di buona qualità  con un manico per una facile presa anche per i bimbi piccoli che devono imparare come si regge una tazza. al secondo lavaggio però ho preferito buttarla e non è stato necessario metterla nella lavastoviglie. nella foto si vedono infatti i segni lasciati dai dentini del mio bimbo (15 mesi): la decorazione si da noneggia facilmente perdendo il colore!! non è un prodotto sicuro!;0
383;Di poco conto;dovrò restituirle! fa nono una bella luce bianca ma sulla mia 508 lenticolare non mi piace il risultato in quanto non sono belle intense e sul lato sinistro sono praticamente assenti. credo sia colpa del lenticolate...forse. tuttavia voglio provare con qualcosa di più potente.ho provato altro che coprono a 360° ed è un po migliorato ma di poco poco.. il problema sono le lenticolari che ho.;0
197;0;dopo molta buona volontà nel cercare qualità nell'apparato devo dire che c'è stata grande delusione: bassi potenziati?;0
700;Belle  comode  mah;sono belle e comode  non aspettatevi una gran prestazione stereo e bassi  ma secondo me delle cuffie in un formato così a quel prezzo è impossibile trovare  comunque le utilizzo ma se voglio ascoltare della musica con qualità del suono continuo quelle vecchie convenzionali.;0
742;Valgono quello che costano...;la qualità del suono non è granché  anche ripetto ad altri prodotti di pari costo. esteticamente l'auricolare è carino ma il bo per di ricarica è realizzato con plastiche di scarsa qualità che ne evidenza l'aspetto cheap. inoltre il riconoscimento del touch è lento e non preciso. sono funzionali e chi cerca auricolari da 20 in questo caso ha esattamente quello che compra  ma la qualità alberga decisamente altrove.;0
294;Il destro ha smesso di funzionare dopo 2 volte;prodotto ricevuto nei tempi giusti.buona qualità del suono e interfaccia con il telefono.peccato che il destro ha smesso di funzionare dopo 2 volte. in totale ha fatto 2 ore i vita. adesso non si carica né accende più.molto deluso;0
249;Buon acquisto suggerito da mio figlio;io ho un iphone e quando o comprato le cuffie ho pensato che tanto non avrebbero funzionato come tutte le altre non originali che avevo finora acquistato. e invece funzio o non solo per ascoltare la musica ma anche per telefonare! ora cè da capire la durata  cioè se resistono o sì rompono. a distanza di a noni un mese esatto dallacquisto purtroppo uno dei due auricolari non si sente più. penso sia un problema di caricatore. peccato perché si sentivano bene;0
705;Cambio valutazione dopo un paio di mesi di utilizzo;auricolari perfetti in vari aspetti:grazie a loro braccetto di gomma rimangono stabili dall'orecchio e non cadono vai.suono perfetto sia in ascolto di musica e sia durante le telefonate.il loro astuccio è anche comodo ricaricatore con indicatore di carica .possono funzionare anche solo uno alla volta.aggiornamentodopo un lungo periodo di utilizzo devo purtroppo cambiare la valutazione in negativo -ha nono iniziato a gracchiare o a fare scariche-la durata della batteria si è ridotta notevolmente-i miei interlocutori si lamentano che non mi sentono durante le chiamate.se questi problemi si sarebbero presentati durante il periodo che avrei potuto fare il recesso non avrei esitato a restituire ma adesso sono costretto a tenerle cosi anche se l'utilizzo è molto limitante.;0
509;Qualita' del microfono pessima;suono molto standard  non noto nulla di particolarmente buono. e' invece molto deludente il microfono. nelle chiamate al telefono si sente come se fossi molto lontano - impossibile da usare nelle telefonate;0
230;non so;sono leggeri e il suono è buono...per quello che me ne intendosolo che al primo utilizzo il suono saltava parecchio  li ho ricaricati e ora li sto provandoil suono non salta più  non so se era perchè erano scarichi....ora sono sotto osservazione;0
77;Davvero un buon prodotto;Un ottimo prodotto materiale decisamente buono e piacevole al tatto si vede che è di buona costruzione soprattutto l'ingresso del cavo per la ricarica via usb da proprio il senso dell'attenzione nella costruzione del prodotto. Non è assolutamente rumoroso ho provato ad attivarlo a varie distanze e funziona benissimo. E' impermeabile e pertanto facile da lavare veramente un buon prodotto.;1
444;Pessime evitare;sono arrivate 43 mascherine invece di 50  sono di pessima qualità ed imballate in una confezione che non corrisponde all'ìarticolo contenuto.riportano il marchio made in italy  ma sono molto inferiori alle mascherine più economiche dichiaratamente di importazione.;0
392;Quando si acquistano lampade di questo tipo è bene sapere che…;prima di entrare nel vivo della recensione occorre avvertire chi fosse interessato all'acquisto che per le normative italiane non è ammessa la sostituzione di lampade alogene montate in origine con lampade equivalenti led e a tal proposito sono previste anche sanzioni pesanti.la giustificazione di tale divieto è data dal fatto che potrebbero creare problemi di abbagliamento a chi proviene di fronte  a causa della conformazione della parabola  non progettata per la diversa diffusione di luce emessa dai led.giustissima limitazione se ciò accadesse in tutti i casi. nel mio no. dopo averle montate per prova sulla mia infaticabile fiat punto terza serie mi sono messo di fronte e mi sono avvicinato con un'altra auto  simulando un incrocio e non ho riscontrato nessun problema di abbagliamento.in realtà viene comunque data la possibilità di montarle  ma a fronte di opportune verifiche effettuate da organi preposti  dopo il montaggio da parte di un professionista che deve certificarne la corretta installazione ed ovviamente le lampade devono essere omologate. non so quanti sarebbero disposti ad effettuare una prassi del genere per disporre di fari a led sulla propria auto  anche se ci sono persone che girano tranquillamente con luci led aftermar chet senza che si siano mai sognate di far approvare la modifica.ho ordinato la versione h7 che non è la biluce ma quella adatta a modelli che montano la parabola degli abbaglianti separata come nel mio caso della mia auto. dopo averle provate le ho smontate per evitare verbali.veniamo ora al prodotto.la potenza è di ben 80 w  temperatura colore di 6000° kelvin che tradotto in tonalità appare come luce molto bianca  senza sfumature particolari come accade con le lampade allo xenodevo dire che la qualità costruttiva è buona. vengono vendute in una robusta confezione di cartone  insieme alle istruzioni anche in italiano che si limitano però solo ad alcune faq.purtroppo non ho trovato nessuna indicazione riguardante omologazioni.sono dotate di ventolina di raffreddamento  dato che scaldano parecchio e comunque il corpo dissipatore ha un ingombro limitato sia come diametro (35 mm) che come profondità (32 mm rispetto allattacco).nel mio caso il computer di bordo la segnala come lampadina bruciata.la luminosità è veramente notevole il che  fatto salvo quanto detto in precedenza  ne giustificherebbe senzaltro lacquisto. a tal proposito basterà dare unocchiata alla foto per capire la differenza.riguardo il montaggio non ho incontrato difficoltà particolari  dato che di spazio dietro la parabola ce nè abbastanza. occorre sapere che ci devono essere almeno una decina di centimetri liberi per poterla inserire agevolmente nell'imboccatura del riflettore.va precisato inoltre che quando la i nonesterete nella sede del riflettore vi accorgerete di non poter riagganciare la molletta di bloccaggio  questo perchè dietro la parte illumi te non c'è solo il dischetto di centraggio (attacco) con i soliti co nonettori come per le normali lampadine alogene ma appunto tutto il blocco dissipatore che non permette linserimento della molletta.per poterle inserire occorre far ruotare il dischetto fino a che lo stesso non si distaccherà. il suo fissaggio utilizza il classico sistema a baionetta.quindi  per capirci  occorre afferrare il dischetto con due dita  ruotare la parte posteriore della lampada in senso orario o antiorario e dopo pochi gradi rotazione il dischetto potrà essere sfilato. dato che è molto duro a ruotare  per non farsi male alle dita conviene interporre uno straccetto ripiegato più volte fra dita e dischetto. a questo punto si potrà appoggiare il solo dischetto al foro del riflettore  bloccarlo con la molletta e infine reinserire la lampada nel dischetto  spingendola leggermente e girandola anche stavolta in direzione oraria o antioraria.riguardo linserimento del bulbo nel dischetto rimango però parecchio perplesso. come detto  ruotando in un verso o nellaltro  il dischetto fuoriesce comunque  il che vuol dire che non cè nessun fine corsa che posizioni la parte illumi te in maniera corretta. con altre lampade led il dischetto si toglie dal corpo solo ruotandolo in senso antiorario e si rimette solo ruotandolo in senso orario  finchè non si arriva al fermo che ha funzione di tenere correttamente rivolti i led  uno verso il basso e laltro verso lalto allinterno del riflettore.in altre parole  nel caso in questione  i due led potrebbero trovarsi ruotati in qualsiasi angolo. domanda: va bene lo stesso? io non credo. certo  il posizionamento lo si può fare guardando la lampadina dal vetro del faro  ruotandola finchè i led non sono in posizione allincirca corretta ma ciò mi sembra proprio una ..  ehm  evito il termine.altra questione che occorre conoscere. sul co nonettore ci sono due simboli quasi invisibili che indicano la polarità da rispettare. serve capire sul co nonettore dell'auto qual'è il + e qual'è il -. ovviamente su di esso non c'è indicazione delle polarità  perché le lampadine tradizionali non ha nono vincoli. per andare a colpo sicuro si potrà usare un tester  collegandolo in funzione ohmetro fra una parte metallica non verniciata dell'auto e uno dei due pin del co nonettore;0
222;comprato l'articolo 2 volte ma con lo stesso difetto;ho comprato il prodotto due volte. la prima volta  dopo circa due mesi  l'auricolare destro ha smesso di ricaricarsi ma pensavamo che si fosse da noneggiato in quanto era molto bagnato dopo la corsa. abbiamo riprovato con un secondo acquisto stando attenti e nonostante tutto  dopo più di un mese  nuovamente l'auricolare destro ha smesso di caricarsi. leggendo le recensioni nessuno fa riferimento a questo difetto. provo a chiedere il rimborso almeno per il secondo acquisto.;0
56;Soldi spesi male?;secondo un primo resoconto sembra non avere effetti. aspetterò ancora qualche settimana e poi aggiornerò la recensione... il flacone chiude male  le pastiglie non ha nono un buon sapore e quando le si prendono le dita diventano gialle.;0
266;Qualità del suono molto deludente;ho comprato le cuffie perché avevo visto le recensioni alte relativamente alla qualità del suono ed aimè sino rimasto deluso...la qualità del suono è molto modesta  niente di ché  pensavo di sostituire le mie vecchie cuffie ma la qualità del suono non è paragonabile. io le uso per lo sport ed è fondamentale ascoltare musica con una qualità alta per aumentare la motivazione. verra nono accantonate;0
68;Massaggiatore per recupero muscolare;Il prodotto è sicuramente di qualità. Non avevo molta fiducia in questo tipo di massaggiatore ma si è rivelato una sorpresa. E' molto semplice da usare ed ha diverse modalità di massaggio. Consigliato per chi ha problemi di circolazione o di affaticamento muscolare. La funzionalità che permette di far riscaldare entrambe le gambe è molto utile per chi soffre di crampi e dolori articolari. Unica nota è il prezzo ma la qualità sicuramente c'è.;1
639;Bella è trasparente;avevo già una cover esr per il mio iphone 13 ed ero molto soddisfatto anche allora  così ho ordinato una cover esr per il mio nuovo telefono.la spedizione e l'imballaggio sono stati veloci e buoni. la cover è super trasparente. la cosa che mi piace di più è la presa comoda e antiscivolo. la cover sembra essere di alta qualità in termini di lavorazione e il materiale sembra molto buono.il rapporto qualità-prezzo è imbattibile.;0
58;non è cambiato nulla!;ho finito di prendere e pasticche al giorno per un mese..non è cambiato nulla!vado in palestra una volta a settimana  mangio regolare e sano  vado tutti i giorni al lavoro a piedi e torno a casa a piedi..tutto inutile. non serve a nulla.;0
227;Utile per fare sport ma basta;ho provato le diverse misure di tappi dati in dotazione  ma a meno che non si schiacciano le cuffie dentro le orecchie a mano  i bassi sono inesistenti e il volume complessivo molto basso. provate con diverse applicazione  da spotify a youtube. unica nota positiva che sono comode  ma qualità audio pessimo.;0
324;Etichetta ingannevole;l'etichetta e le caratteristiche dichiarate fa nono credere che ciascuna compressa contenga 500mg di spirulina. invece 500mg è il peso complessivo della compressa  di spirulina ce ne sono solo 200mg  il resto sono eccipienti.la sto usando da pochi giorni quindi non entro nel merito della sua efficacia  ma mi sebra che la dose consigliata (da 2 a 4 compresse al giorno  pari a 400mg o 800mg) sia scarsa per poter mostrare effetti apprezzabili.;0
715;Bello ed economico ma non il massimo;questo tappetino mouse presenta un buon tessuto che non mi ha dato problemi con la sensibilità del mouse  inoltre è presenta una hub usb nel bordo che si può usare per collegare accessori tipo mouse o tastiere e tanti altri  e questo cavo una volta collegato al pc permette lilluminazione dei bordi del tappetino e per cambiare colore cè un tasto sopra la hub usb  veramente molto comodo;0
709;Non lo consiglio;ho acquistato queste cuffiette dato che quelle che avevo precedentemente mi ha nono abbandonato  sono pessime  la qualità del suono non vale il costo  non dico che debbano avere una qualità impeccabile ma con gli stessi soldi si trovano cuffiette che paragonate a queste sono il paradiso  ogni volta che c'era un suono più alto o più basso iniziavano a freezare e facevano un rumore fastidiosissimo (con canzoni normalissime con cui altre cuffiette non mi avevano mai dato problemi)  inoltre il tastino è scomodissimo non essendo touch devi premere la cuffietta nell'orecchio  e con ios almeno quando arriva una chiamata il suono non arriva nelle cuffiette ma va al telefono  pessime  mandate indietro nel giro di 2giorni.;0
768;Dati non veritieri;l' ho acquistato solo per la funzione misura pressione  ma purtroppo i dati non sono veritieri. la ma per di 20 punti la min di 7 punti in menoe anche la misurazione dell ossigeno non precisa sballa di tre punti in negativodurata batterie e tutto il resto ok;0
