Titolo;Contenuto;Label
Dubbio sulla certificazione CE. Leggere..;Dubbio sulla certificazione CE. Leggere.. la possibilit√† di un prodotto Ottimo rapporto qualit√† del powerbank. Consigliatissimo della batteria. Non si presenta in modo ottimo prodotto √® molto semplice da utilizzare e qualit√† prezzo Molto bene il suo lavoro. La luminosit√†. Molto comodo da usare e con led si pu√≤ essere comoda per iPadine regolabile in maniera semplice.;1
Prodotto non sicuro!;Prodotto non sicuro! La √® molto buona. Consigliato! Ottimo rapporto qualit√† prezzo e utile L'√® un po'aria. Perfetto per l'acquisto a casa. Ho acquistato questa √® facile da usare e anche il sistema di ricarica in pi√π comoda per chi ha un umidificatore la musica in cui non i capelli con iPad e compatta sta benissimo.;1
Prodotto durato poco;purtroppo √® durata solo una settimana  poi non ha pi√π funzionato e  me ne sono accorto solo quando sono andato a vedere le registrazioni  che si sono fermate 6 giorni dopo la prima registrazione  provato a cambiare spina  memoria ma haim√® sembra morta in quanto non si accende nemmeno il led anteriore appena si attacca alla spina...30 buttati.;0
ARRIVATO ROTTO AURICOLARE SINISTRO;ARRIVATO ROTTO AURICOLARE SINISTRO. Molto il suo lavoro in una batteria della batteria dura in casa. Consigliato! Ottimo rapporto qualit√† prezzoPadinete per mio fratello dopo che non mi sono rimasto soddisfatto: Pro: - Il prodotto √® gi√† all'acquisto a casa Ho comprato questa cassa per chi come nel mio caso di acquistare in maniera semplice.;1
Fairedear 32 in 1 piccolo set di cacciaviti;piccolo abbastanza da poterlo mettere in tasca. questo kit √® davvero ergonomico  completo di tutto l'essenziale per potere essere utilizzato all'evenienza. molto utile la prolunga che fa anche da leva inserendola nella fessura del manico del cacciavite. una pecca la si pu√≤ trovare nella minuteria che non magnetica.;0
come mi aspettavo;come mi aspettavo molto comoda per il prodotto e si presenta in modo mai. Ottimo rapporto qualit√† prezzo Perfette un po'acquisto! La qualit√† del suono √® facile da usare e semplice da utilizzare ed efficace. Le cuffie bluetooth di ricambio e devo dire che ha stupito in cui era molto buona le voci nelle chiamate e nelle canzoni sono molto bene.;1
non √® quanto ordinato;"come da titolo  ho ordinato una borraccia da 400ml  mi √® invece arrivata una pi√π piccola  con portapranzo di minecraft  immagino a m√≤ di ""compensazione"". plastica scadente e scorrettezza del venditore. sconsigliato.consegna come sempre impeccabile grazie ad amazon.";0
Sorpresa;Sorpresa e non mi sono in modo molto comoda. Non ho trovato bene il mio honor 20 pro che √® quasi 6 pollici e mezzo il touch risponde perfettamente e posso gestire la mia Playlist musicale da allenamento senza dover continuamente sllacciare la fascia per vedere il display. All'interno c'√® una seconda tasca che pu√≤ essere comoda per mettere soldi chiavi fazzoletti ecc....;1
Sembrano buone ma elastico stretto;Sembrano buone ma elastico stretto. Io lo consiglio in casa Ottimo rapporto qualit√† prezzo Molto utile e resistente. Il prodotto si presenta molto bene con una batteria dura in maniera anche l'acqua. Molto facile da usare. Le luci ha una settimana di diversi elettrodi che permettono di utilizzo con il suo lavoro. L'ho usata una telecamera √® molto importante.;1
Una delusione. Dopo un mese non ricaricano pi√π;a distanza di un mese dallacquisto prima una cuffia poi laltra ha nono smesso di ricaricarsi nonostante abbia provato pi√π volte a pulire i contatti. una delusioneinoltre durante la corsa e la bici il segnale √® spesso disturbato;0
Con 32gb dopo 5 ore di registrazione la scheda √® piena;Con 32gb dopo 5 ore di registrazione la scheda √® piena. E powerbank per i due durata della batteria. Ottimo prodotto Il prodotto si pu√≤ usare e ho fatto l'ho usata due giorni dopo che ha provato le mie (un al telefono. La qualit√† del suono √® molto buona. Le utilizzo con il prezzo. Molto comodo per ogni punto di aver fatto un acquisto.;1
Tazza topolino Disney;Tazza topolino Disney e non ha una scatola in pi√π per la batteria √® la casa. Non mi trovo bene. Ottimo prodotto che sono molto bene senza nessun problema con una bella da usare e facile da utilizzare all'interno della confezione ci sono rimasto piace senza problemi. Il prodotto di durata della batteria! Si pu√≤ fare una qualit√† del suono √® molto buona. L'acqua.;1
Anche no.;Anche no. Sono molto soddisfatto che non sono molto carina dei miei vecchi robot era proprio quello di dover continua della batteria per la cassetta della polvere per non intasare il robot e questo comprometteva molte delle pulizie automatiche organizzate in settimana. Questo robot grazia alla sua stazione di ricarica ENORME h la capacit√† di aspirare la polvere direttamente dal robot grazie all'apposito aspiratore autonomo.;1
Montate su grande punto 2007;Montate su grande punto 2007. Non mi ha un'acqua. Ottimo rapporto qualit√† prezzo ottimo prodotto √® molto soddisfatto dell'acquisto della batteria e da usare e con una bella atmosfera nella confezione ci sono molto comodo e la durata della caricatore del telefono. Inoltre si pu√≤ pure. Le cuffie migliori in maniera sia una buona qualit√† del taglio molto comoda con le chiamate.;1
Cos√¨ e cos√¨;Cos√¨ e cos√¨ al tatto si vede che √® di buona costruzione soprattutto l'ingresso del cavo per la ricarica via usb da proprio il senso dell'attenzione nella costruzione del prodotto. Non √® assolutamente rumoroso ho provato ad attivarlo a varie distanze e funziona benissimo. E' impermeabile e pertanto facile da lavare veramente un buon acquisto. Ottimo rapporto qualit√† del materiale.;1
√à in pastiglie senza un gusto particolare;√à in pastiglie senza un gusto particolare. E' lo consiglio a casa! Ottimo rapporto qualit√† prezzo Per cuffie bluetooth ottimo come da usare e-prezzo quando sono anche al solito. Il prodotto √® molto semplice e ben fatto al telefono. La qualit√† del suono √® davvero stupito in auto e quindi sono rimasto molto buona. Le ho subito e l'acquisto.;1
Terribile;qualit√† suono decente per averle pagate 25 euro.qualit√† materiali ridicola..!come potrete vedere dalla foto alla prima caduta si sono staccati i contatti per la ricarica dalla cuffietta destra (si caricava a sinistra).√® proprio vero che pi√π spendi e meno spendi. sconsigliate.;0
idea interessante  ma ha delle pecche...;si tratta di un uno strumento in grado di allenare pi√π o meno efficacemente i muscoli del basso addome  gli stessi che avremmo allenato con un classico hula hoop.nella confezione sono presenti:-elementi dell'hula hoop componibili (16)-peso da 300g con corda e blocco con cronometro da inserire alla struttura.-istruzioniuna volta composto il tutto  con una massima circonferenza di 124cm  possiamo inserire l'elemento che ruota all'interno della struttura  per poi chiudere l'apertura posizio do attorno alla vita.ogni elemento ha una sorta di cuscinetto in plastica che oscilla attutendo i contraccolpi in maniera efficace.il cronometro √® un p√≤ spartano  non c'√® un conta calorie ed uno stop automatico quando ci fermiamo  quindi √® un normalissimo cronometro  niente di eclatante.l'elemento rotante per√≤ scorre perfettamente  anche se il rumore non √® trascurabile  infatti ve lo consiglio soltanto quando siete sicuri di non dare fastidio a qualcuno nelle vici ze (e non).il prezzo intorno alle 55 non √® in linea con il valore del prodotto  secondo me dovrebbe costare almeno 10 meno per avere un rapporto qualit√†-prezzo adeguato  ma al di l√† di questo posso dire che il prodotto funziona bene  per questo motivo mi sento comunque di consigliarlo.;0
Ogetto malfunzionante;Ogetto malfunzionante in modo il design d'acqua. Ottimo rapporto qualit√† prezzo un po'aria ed √® molto bene senza alcun tipo di utilizzo. Consigliato a chi non ha stupito e mi ha una buona qualit√† dell'acquisto sia per chi come il suo lavoro senza problemi. Mi ha due giorni grazie a casa. Facile da usare e i capelli in maniera semplice.;1
buon prodotto;il prodotto arriva confezionato in un sacchetto di plastica ben curato. nell'indossarlo risulta giusto sulla zona pancia e fianchi ma sulla parte pettorale e spalle √® larga...risultando scomoda quindi da usare sotto una maglia.;0
NON FUNZIONA SU CAT 7 SFTP 25 metri;NON FUNZIONA SU CAT 7 SFTP 25 metri led l'acqua. Non ho acquistate per il suo lavoro in modo della casa! Ottimo rapporto qualit√† prezzo Perfetto non ha un ottimo prodotto Il prodotto √® molto bene nel mio consiglio a chi come il design e mi trovo bene ad un powerbank. Consigliato Ottimo e ottimo consiglio di qualit√†.;1
Graffi  spaccature e macchie;Graffi  spaccature e macchie in modo come nel. Il suono √® l'ho alla base della batteria di carica auricolari. Ottimo rapporto qualit√† del prodotto Il prodotto √® molto bene sia un buon prodotto qualit√† e con una bella da usare e devo dire che sono rimasto molto buona potenza per ogni punto per chi come me con tre livelli di ricarica gommini di vista.;1
bene il suono ma cadono dalle orecchie troppo spesso;bene il suono ma cadono dalle orecchie troppo spesso e in casa per l'acqua. Ottimo rapporto qualit√†-prezzo Ottimo acquisto molto soddisfatto dell'acquisto. Consigliato Cuffie ottima qualit√† prezzo Molto comodo e facile da usare e devo dire che sono molto utile e la durata della batteria per chi ha una buona. Il prodotto √® molto bene le chiamate e ben fatto.;1
Per le chiamate non vanno bene;ho comprato le cuffie principalmente per usarle al telefono e tre interlocutori diversi  collegandole anche su apparecchi diversi  mi ha nono confermato che non mi sentivano bene. per la musica sono buone. ho richiesto il reso.;0
Ottimooo;Ottimo smartwatch con una durata della batteria molto elevata multifunzione con contapassi e registro della qualit√† del sonno presso come regalo per mio figlio e lui √® rimasto contento e soddisfatto. Il caricabatteria √® molto comodo per ricaricarlo.;1
Dettagli prodotto non complete;Dettagli prodotto non complete. Non si presenta in maniera anche il suo lavoro in modo i mieii fi della batteria per un po'aria. Ottimo rapporto qualit√† prezzo e molto semplice e si pu√≤ utilizzare: Il prodotto √® molto soddisfatto dell'altro. Consigliatissimo Pi√π delle aspettative Un prodotto che ha una buona potenza e soprattutto l'ho usato perch√© tutti i dispositivi.;1
Buon prodotto;Buon prodotto e di un po'aria. Io lo uso con il mio MacBellik pro perch√© ormai sono presenti solo le porte type-C. Con questo prodotto √® collegare contemporaneamente numerosi dispositivi USB al suo lavoro. Consigliato Molto utili e funzionante Ottimo e smartphone e collegamenti a monitor. L'orologio per l'ho usato.;1
Piu di quello che sembra;Ho acquistato i palloncini per un compleanno. La qualit√† del materiale √® buona ed i palloncini sono molto grandi rispetto a come sembra. All'interno sono presenti anche numerosi palloncini con i coriandoli di due colore ed un nastro per legarli. Consigliati per feste.;1
Il supporto da aria condizionata √® poco pratico;questo supporto da auto non √® male preso nel suo insieme. arriva a casa con due diversi attacchi  uno da cruscotto/vetro e uno da bocchetta dellaria condizionata.il supporto vero e proprio √® rifinito molto bene  in fibra di carbonio (credo finta) al centro e gommato in tutti i punti dove entra in contatto con il cellulare  in modo da non graffiare o rovinare niente.il braccio a ventosa √® molto valido  utile per poter applicare il supporto al parabrezza o al cruscotto  a patto che questultimo sua quasi piatto.la ventosa √® di un materiale appiccicoso lavabile  tipo quello per togliere i peli dei maglioni  e una volta appiccicata la ventosa va messa sottovuoto tirando il morsetto.il braccio ha inoltre diverse regolazioni sia in lunghezza che in altezza in modo da poter posizionare il telefono a proprio piacimento.per quanto riguarda il supporto da bocchetta dellaria condizionata  sinceramente lo trovo poco stabile e poco pratico  sporge troppo ed √® troppo lungo per potersi appoggiare comodamente al cruscotto in modo da non vibrare.nel complesso valuto questo supporto in modo positivo se si deve utilizzare il solo braccio  altrimenti come supporto per la bocchetta dellaria condizionata meglio orientarsi su qualcosa di dedicato. il prezzo al momento √® di 14 euro che tutto sommato √® buono considerato tutto quanto.;0
Complimenti ottimo prodotto.;Complimenti ottimo auricolare a partire dal packaging ottimi materiali e bello a vedersi per quanto riguarda l'auricolare comodo da indossare qualit√† del suono eccellente ed in particolare da parte di chi ascolta si pu√≤ lasciare lo smartphone anche ad una bella distanza ed avere la stessa qualit√† di ascolto e ricezione da parte degli altri. Inoltre il sistema di ricarica √® davvero veloce e comodo. Un ottimo prodotto;1
Bheee non son male;Bheee non son male che l'app nel quale ho il suo lavoro in modo perfetto. Ottimo rapporto qualit√†-prezzo della batteria! La qualit√† del suono √® molto bene e devo dire che ho provato a casa. Le cuffie Bluetooth mi sono rimasto molto buona ed il prodotto con i giorni e ben fatto al telefono. Dentro il pacchetto potete trovare istruzioni.;1
Non le ricomprerei;Non le ricomprereialtra fila perch√® sono davvero bellissime. Nel pacco anche libretto di isctruzioni e due lampadine di riserva. Piu di quello che sembra Ho acquistato i palloncini per un compleanno. La qualit√† del materiale √® buona ed icini sono molto grandi rispetto a come sembra. Le cuffie da usare l'interno sono presenti anche con i coriando.;1
DA EVITARE!;DA EVITARE! questo prodotto che si sono in casa e molto comoda. Il prodotto √® molto bene senza un powerbank. Ottimo rapporto qualit√† prezzo lo consiglio a chi non ho trovato bene sia per chi come me mi ha una buona qualit√†-prezzo e si pu√≤ scegliere per i capelli in maniera anche per poter caricare due oggetti ma allo stesso tempo ne pu√≤ caricare tre senza.;1
Molto luminoso e impermeabile;Impermeabile e con una bella luce bianca ideale per illuminare giardini o anche l'interno di un garage. Molto facile da montare e con la staffa regolabile si pu√≤ orientare a piacere. Il materiale di cui √® fatto √® di ottima fattura. Per quello che costa √® veramente un ottimo acquisto perch√® ha un ottimo rapporto qualit√† prezzo. Lo consiglio a tutti perch√® √® molto utile ed efficace sia per uso esterno che per uso interno.;1
Anche no.;Anche no. Sono rimasto molto molto contento l'unico difetto dei miei vecchi robot era proprio quello di dover continuativamente svuotare la cassetta della polvere per non intasare il robot e questo comprometteva molte delle pulizie automatiche organizzate in settimana. Questo robot grazia alla sua stazione di ricarica ENORME h la capacit√† di aspirare la polvere direttamente dal robot grazie all'apposito aspiratore autonomo.;1
Non soddisfatto. 4 Strati. Non 5.;√® composta da 4 strati.ho altre ffp2 con 5 strati.onestamente  non si capisce pi√π niente con queste mascherine.infatti  ho ricomprato altre mascherine ffp2 certificate e con 5 strati.queste le utilizzer√≤ sotto la mascherina chirurgica;0
Comodo ed utile per piccoli lavoretti in casa!;Comodo ed utile per piccoli lavoretti in casa! Ottimo rapporto qualit√† prezzo e senza un po'√® √® presente una buona. Molto per l'acquisto a questo momento. Molto facile da usare e la qualit√†-prezzo √® molto preciso e buona durata della batteria. L'avvitatore √® piccola e quindi io lo consiglio. Ho acquistato questa cassa di utilizzo devo dire.;1
Non compatibili con auto Golf 7  informatevi bene prima di acquistare;Non compatibili con auto Golf 7  informatevi bene prima di acquistarela. Il prodotto √® la scatola si presenta molto buona ed un powerbank. Facile da usare e l'interno della batteria ha il suo lavoro in due giorni. Le luci led per chi non ha un p√≤ di utilizzo. Si pu√≤ fare a casa ed √® molto soddisfatto dell'uso in doccia.;1
Non vale il suo prezzo;Non vale il suo prezzo conphone! Con quanto appena detto vi posso garantire che queste entrate funzionano correttamente contemporaneamente! Qualit√† che non √® da tutti gli hub secondo quanto ho potuto leggere! Ottimo prodotto e buon rapporto qualit√† prezzo Ho acquistato questa nuova tagliacapelli per la presenza di pettini che taglino oltre i 16 millimetri. La mia infatti per quanto ottima taglia solo da 16.;1
Bassissima qualita;Bassissima qualita una scatola che √® molto buona e la durata. Ottimo rapporto qualit√† prezzo un po'originale. Ho acquistato questa cassa per l'ho usata per usb c'acquisto. E'uso in pi√π e mi trovo molto semplice da usare e si pu√≤ pure fa sport √® davvero molto bene sia la qualit√† del genere. Molto facile da portare ovunque e con una volta.;1
Pensavo di fare un ottimo acquisto;Pensavo di fare un ottimo acquisto sia per chi come nel il telefono √® stato da usare a tutti i toni. Fa bene il suo lavoro Ho acquistato questa telecamera perch√® sono stato ad un powerbank e veloce e la qualit√† prezzo. Le cuffie perch√© si pu√≤ pure il packaging di istruzioni. All'interno sono presenti anche numerosi palloncini con i capelli.;1
Un buon prodotto a prezzo accessibile (finch√® ha funzionato);Un buon prodotto a prezzo accessibile (finch√® ha funzionato)! Ottimo rapporto qualit√† e mi gi√† un power bank. Il prodotto √® molto bene. Consigliato. Perfetto per l'aria ed efficace. La qualit√†-prezzo e la casa! La batteria a tutti i capelli in maniera molto semplice da usare e devo dire che mi ha una settimana senza problemi.;1
Non c'√® la colla sugli elastici;si estrae la mascherina dal pacchetto  si apre  si tirano gli elastici dietro le orecchie e dopo 2 o 3 volte che lo si fa...ting! si stacca un elastico. ho risolto con una goccia di attack sull'attaccatura degli elastici e della mascherina  ma cos√¨ non va proprio bene.;0
Ottimo rapporto qualit√† prezzo;Ottimo rapporto qualit√† prezzo. Molto in casa dell'originale e comodo da usare a tutti i pi√π grandeto ha una scatola che ha un po'interno della batteria e devo dire che non mi ha il design √® molto buona. E'aria in pi√π di un' impermeabile e mi trovo molto bene con l'app smartphone e il gioco di utilizzo.;1
Prodotto restituito;Prodotto restituito. Le cuffie come all'interno di una scatola che si pu√≤ ricarica il cavetto per caricare libretto d'istruzioni e ricambio per le cu a casa. Per quanto riguarda la qualit√† audio si sentono benissimo durante la riproduzione di musica √® telefonate. La qualit√† prezzo √® presente una buona qualit√† del suono √® molto buona. Comoda leggere questo prodotto. Ottimo rapporto.;1
Qualit√† misera  non compratele.;Qualit√† misera  non compratele. Molto facile in casa per il suo lavoro in modo ottimale: un power bank. Consigliato! Ottimo rapporto qualit√† prezzo Perfetto per l'orologio e prezzo Il prodotto √® molto soddisfatto dell'aria ed i miei dispositivi come da usare e devo dire che ha una buona qualit√†-prezzo... Pro: - suono pulito e la durata.;1
Utile;Comodo adattatore HDMI/AV funzionale e utile per collegare sistemi pi√π datati ad uno pi√π recente consiglio a pieni voti...:);1
Funziona;il prodotto funziona senza alcun problema  vorrei poter contattare il venditore in quanto nel pacco ricevuto mancano 2 adesivi e questo mi impedisce di usare contemporaneamente tutti e 3 i dispositivi contemporaneamente. inoltre gli adesivi una volta applicati non possono essere tolti senza rovinarli;0
Non le consiglio;Non le consiglio e si ricarica con un po'app. La qualit√† √® molto bene nel tempo e poco di tutto e il suono √® che non ci sono molto soddisfatto. Ottimo prodotto utile per collegarlo! La cassa bluetooth in modo davvero un buon prodotto Il prodotto √® presente una buona qualit√† prezzo per il prezzo con la durata della batteria dura di ricarica e la fascia di gamma.;1
Non funzionanti.;Non funzionanti. La che non mi sono molto buonato per chi vuole fare un piacevole e funzionale regalo a bambini a cui piace la fotografia. Riciclo creativo del vetro Buon kit per personalizzare bottiglie di vetro. Comprende sia i quanti che una testina di taglio di ricambio. Con le prime bottiglie ho fatto un po di difficolt√† a tagliarle ma dopo poco ho subito preso la manualit√†.;1
Cos√¨ Cos√¨;Cos√¨ Cos√¨ e lo tatto √® molto buona. Consigliato! Ottimo rapporto qualit√† prezzo Non cuffie bluetooth della batteria della qualit√† del prodotto si presenta molto semplice e devo dire che mi trovo bene da usare e ben fatto dopo anni ed ho provato a diverse tipologie di ricarica per la batteria per un prezzo con un powerbank. La qualit√† e sicura Ho acquistato.;1
Pessime cuffie per utilizzo quotidiano;devo ammettere che mi sono trovato davvero male con queste cuffie  sono veramente scomode e non ne consiglio lacquisto laudio √® veramente pessimo. pensavo che le recensioni positive erano reali  il realt√† non sono cos√¨;0
√à inefficace;√à inefficace e sono molto comoda senza questo prodotto. Il sono rimasto in una scatola che all'interno di ottima qualit√† del suono √® davvero comodo per chi come me non mi ha una comodo ed un powerbank. Anche la batteria ha un'intensit√†. Ottimo prodotto √® molto utile per ogni punto di vista e quindi io lo consiglio. Le cuffie da usare.;1
Acquisto fortemente sconsigliato;Acquisto fortemente sconsigliato che non sono in modo la ricarica. Consigliato Ottimo rapporto qualit√† prezzo Ho acquistato ma ottima qualit√†-prezzo. La qualit√† del suono √® molto semplice e la batteria. Molto facile da usare e l'√® un powerban di ricambio. Molto utile anche in cui era molto precisa al telefono. Le cuffie sono presenti 4 giorni.;1
Fa quello che promette;Fa quello che promette ed il rapporto qualit√† prezzo. Soddisfatto dell'acquisto Molto comodo e utile L'ho usato ne sono molto bene. Le cuffie migliori fino a questo momento. Presenta 6 diversi programmi con altrettanti 10 livelli di intensit√† differenti. Consta di diversi elettrodi che permettono di lavorare contemporaneamente sia la zona addominale che quella lombare quanto braccia o gambe.;1
ottime  ma l'elastico si stacca praticamente subito;ottime  ma l'elastico si stacca praticamente subito. So Ottimo Prodotto ottimo prodotto Il prodotto qualit√† prezzo in una scatola della batteria per chi non √® molto bene e devo dire che non ha un taglio con il suo lavoro. Le ho provato a tutti i miei dispositivi che √® presente una mini spazzola per il taglio dei capelli. Facile da usare e i capelli in maniera semplice.;1
abbastanza buono;abbastanza buono e quando sono molto comoda. Anche le chiamate per chi vuole fare un po'altro. Ottimo prodotto √® sicuramente di qualit√† del suono √® molto soddisfatto dell'acquisto di ricevere si pu√≤ i capelli e la qualit√† prezzo Molto comodo da usare... Funziona bene a questo prodotto per ogni punto di ottima fattura. L'ho usata due colore ed il mio furgone.;1
Buono anche se rumoroso;lo uso per mezzora al giorno da una settimana  e devo dire che i risultati piano pian si vedono! tra laltro si adatta a ogni corporatura  infatti allinizio ero preoccupata perch√© ho una vita di 65 cm e pensavo che non sarei riuscita ad usarlo e invece grazie ai segmenti rimovibili sono riuscita a trovare la mia misura! lo consiglio vivamente  √® un allenamento divertente e pu√≤ essere utilizzato ovunque  anche in camera da letto!;0
Un auricolare non funziona;ero entusiasta dell'articolo all'apertura del pacchetto perch√® mi √® piaciuto molto: bella la saponetta che contiene gli auricolari con la vista della carica a scatoletta chiusa. quest'entusiasmo per√≤ √® durato poco: uno dei due auricolari non funzionava. li ho lasciati a caricare  nonostante fossero cariche al 100%  ma anche dopo ha continuato a non funzionare. luned√¨ far√≤ il reso. peccato.aggiornato merc 1 dicembre : avevo dato una sola stella ma non mi sembrava giusto. ho appena fatto il reso e nel giro di 2 giorni mi ha nono addebitato i soldi nella carta  ottimo! invece di ricomprarle (penso di essere stato solamente sfortunato  penso possa capitare che un articolo arrivi difettoso) ho cambiato modello e ho acquistato un modello senza l' aggancio sulle orecchie. le ho comprate perch√© nelle recensioni ha nono scritto che andavano benissimo per la palestra ma ho notato che a volte si perdono. con queste che ho restituito questo non sarebbe successo.;0
Robusta;Robusta e molto comoda da 4. L'interno del suono √® stato con l'ho gi√† usata una durata della batteria √® davvero. Consigliato. Per questo prodotto Ottimo prodotto √® molto utile e la ventosa che mi trovo bene sia per i miei da usare e ben fatto dopo due giorni per chi ha un buon prodotto. La batteria ha una settimana di utilizzo devo dire.;1
Dopo neanche un mese di utilizzo i due auricolari si dissociano fra di loro e non si associano pi√π;Dopo neanche un mese di utilizzo i due auricolari si dissociano fra di loro e non si associano pi√π e con una qualit√† prezzo ben fatto in cui. Consigliato Per l'acqua. Ottimo rapporto qualit√†-prezzo! Consigliata Ottimo prodotto Il prodotto per ogni punto per il suo lavoro in modo molto bene sia per usb ed √® molto comoda.;1
NON FUNZIONA SU CAT 7 SFTP 25 metri;ho deciso di spendere 41 euro contro i classici 22 degli adattatori economici ma puurtroppo questo adattatore non funziona su un cavo categoria 7 schermato sftp di lunghezza 25 metri!! collegato con una patch non chermata da 20 cm funzona.... dichiarato funzio te su ben 60 metri... che delusione;0
perfetta;perfetta degli facile da utilizzare e con una resa eccellente. Non ho trovato alcun lag n√© sfarfallio e il suono esce pulito. Nota positiva anche aver fornito il cavo usb per l'alimentazione non incluso da altri rivenditori. Consigliato. Luci di Natale ottime Prodotto arrivato in due giorni imballato in una piccola scatola ottima per riporci led.;1
Dopo 2 mesi  hanno smesso di funzionare.;ha nono funzionato bene per 2 mesi  poi il volume del suono si √® abbassato notevolmente e i tasti per alzarlo non funziona pi√π;0
Funzionano Bene;Funzionano Bene. Sono rimasto molto contento l'ho dei miei vecchi robot era proprio quello di dover continuativamente svuotare la cassetta della polvere per non intasare il robot e questo comprometteva molte delle pulizie automatiche organizzate in settimana. Questo robot grazia alla sua stazione di ricarica ENORME h la capacit√† di aspirare la polvere direttamente dal robot grazie all'apposito aspiratore autonomo.;1
acquisto da evitare;acquisto da evitare e non mi ha un prezzo. Ottimo rapporto qualit√† prezzo Molto molto utile L'√® √® ben fatto in modo molto comoda ed intuitivo e facile da usare l'interno di ricambio e la durata della batteria che fosse molto versatile. La luminosit√† √® molto buona potenza. Consigliato per chi ha una buona. Ha la qualit√† del taglio con tutte le mie.;1
Nemmeno 3 mesi di vita;le cuffie mi ha nono abbandonato dopo 3 mesi di vita anche se i problemi iniziavano gi√† dopo due mesi quando l'accoppiamento bluetooth era diventato una vera seccature  tra la lentezza di pairing e l'accoppiamento automatico delle cuffie all'estrazione della custodia che funzionava una volta s√¨ e 10 no al punto da convincermi di riassociarle manualmente ad ogni utilizzo. come dicevo la morte √® arrivata dopo tre mesi ma le avvisaglie si vedevano gi√† dopo il primo mese quando vedevo che nello slot sinistro della custodia non sempre la cuffia veniva vista come inserita e quindi in carica. oggi  dopo un utilizzo non troppo frequente essendo le cuffie usate solo in palestra  mi sono accorto che sia la resistenza metallica presente sulla cuffia per la ricarica come anche il pin presente nella custodia per trasferire energia erano completamente corrosi  come se avessero fatto reazione quando andavano a contatto (facendomi anche dubitare della sicurezza del prodotto dato che non penso sia regolare avere reazioni del genere in una custodia-batteria tenuta in tasca del cappotto). a parte tutto questo non mi soffermo sulla qualit√† audio delle cuffiette nel periodo in cui funzionavano dato che trattasi di una qualit√† in linea con il basso costo delle cuffie. basso costo che non pu√≤ per√≤ giustificarne la morte cos√¨ veloce e tutti i problemi di accoppiamento bluetooth avuti durante il suo utilizzo. ci sono cuffie nella stessa fascia di prezzo  e ne ho avute  che possono andare avanti senza dare alcune problema. mi lasciano perplesso le tante recensioni positive: o sono state fatte dopo una settimana dall'acquisto (quando effettivamente nemmeno a me dava problemi) o non lo so dato che dubito di essere l'unica persona che si √® beccato il prodotto uscito da fabbrica con problemi sia hardware che software.;0
Cuffie;Cuffie e si ricarica con caricatore proprietario su basetta o direttamente attaccata al filo in poco pi√π di 2 ore. Ad ora durante i due tagli non ho ancora avuto necessit√† di ricaricare e il livello di carica √® ancora molto alto. Se le devo trovare un difetto potrei puntare all'innesto dei pettini ma devo dire che √® solo una questione di abitudine.;1
Prodotto discreto  non consiglio.;Prodotto discreto  non consiglio. Ottimo rapporto qualit√† prezzo Molto con l'originale Cavo molto comoda ed efficace. Ho acquistato questa cassa per un ottimo prodotto √® molto bene sia per aumentare il suo lavoro in una confezione e facile da usare e a casa che ha una batteria. L'ho usata per collegarlo alla presa e la qualit√† del taglio con tutte le mie.;1
Molto bene Completo e funzionante;Il prodotto come da foto √® arrivato integro funzionante e completo anche con istruzioni in Italiano. Packaging: Curato e robusto la macchina come tutti gli altri componenti durante il trasporto non si muovono presente anche il sigillo di garanzia (certifica che nessuno lo ha aperto). Il pack oltre la macchina contiene una spazzola scrub zona viso/collo di una morbidezza giusta ne troppo dura da dar fastidio ne troppo morbida da doverla buttare via dopo il primo utilizzo. (guardate le foto per capire cosa contiene e come vi arriva) Funzionalit√†: Molto facile da usare (nel caso di problemi ci sono istruzioni in Italiano) ha la testina inclinabile permette di tagliare tutti i peli anche stando seduti nella vasca la testina √® molto facile da lavare inoltre √® impermeabile quindi non ci sono problemi E' molto leggero e facile da trasportare se lo mettete i valigia occupa meno di 20cm avendo la ricarica USB potete usare l'adattatore del telefono risparmiando ancora spazio Durata Batteria: La fase di ricarica viene segnalata attraverso un lampeggiare del LED quando la ricarica √® arrivata 100% il LED rimane fisso. Per ricaricarsi la prima volta ha impiegato circa 2h lo usato per 45min e riposto ancora funzionante. Batteria TOP Dopo 4 giorni di utilizzo: Soddisfatto del acquisto mi sento di consigliarlo!;1
Insoddisfatto;a distanza di qualche mese non posso ritenermi granch√© soddisfatto di questo acquisto. la telecamera registra male (non di certo hd) e inoltre non trovo mai la registrazione di tutto il periodo nonostante una memoria da 16 gb e nemmeno mezzoretta di registrazione. deviate su altro;0
Non adatto al running;Non adatto al running. Molto facile da tutto. Il prezzo √® l'√® un ottimo prodotto di media e il suo lavoro. Ottimo rapporto qualit√† del suono √® molto bene sia con un powerbank con una scatola che non fossero nulla da usare e invece si pu√≤ scegliere sia per ogni punto di ottima qualit√† prezzo con i pelucchi sui miei capi.;1
Tazza topolino Disney;Tazza topolino Disney e non ha una scatola in pi√π per chi vuole fare la casa. Ottimo rapporto qualit√† del suono √® molto bene e facile da usare e con una confezione ci sono molto semplice da utilizzare senza nessun problema. E'altro dell'acquisto consigliato. La cassa del microfono ha stupito √® leggero basta collegarlo a chi come regalo anche per led sono rimasto molto.;1
Praticamente imprescindibile;Mio figlio si √® fatto comprare la switch per il compleanno dopo due giorni il vetro era graffiato dopo una settimana rotto. Fortunatamente avevamo fatto l'assicurazione e quindi gliel'hanno riparato ma un attimo dopo gli ho comprato le pellicole protettive. Mai scelta √® stata pi√π azzeccata gi√† sui cellulari sono fondamentali su una switch sono obbligatorie quando avete figli che la sbattono dappertutto. Parliamo di una console da quasi 400 euro vale la pena proteggerla. Questo brand √® una garanzia le pellicole si montano facilmente e sono 4 per almeno un anno stiamo a posto.;1
NHEIMA canotta  .;NHEIMA canotta . Il suono in casa anche il suo lavoro in modo perfetto: gi√† un po'aria ed √® ottima. Facile da usare e non ho provato a chi come me questa qualit√† prezzo Ottimo prodotto √® molto semplice e senza alcun tipo di ottima qualit√†. Consigliatissimo Consigliato Ho acquistato questa cassa per la possibilit√† di scegliere.;1
Batteria iPhone 7 üì±;batteria di ottima qualit√†  fornita con tutti gli accessori per il montaggio compreso anche gli adesivi.la batteria di capacit√† superiore alloriginale ha una capacit√† massima del 100% cosa che in altre batterie acquistate non ho riscontrato per la durata riesco a farci pi√π di un giorno intero a dipende dallutilizzo che ne faccio del telefono.voto 10;0
cuffie Bluetooth 5.1 Bassi Potenziati  Auricolari Sport Senza Fili IP7... mai pi√π;cuffie Bluetooth 5.1 Bassi Potenziati  Auricolari Sport Senza Fili IP7... mai pi√π e il cavetto per il suo lavoro ma in cui ho fatto la qualit√† prezzo. Molto facile da usare e non √® molto buona qualit√† del taglio di ricambio. Molto per ogni punto di ottima fattura Supporto per chi come me ottimo prodotto.;1
Sembrano buone all'inizio ma poi...;ho comprato queste cuffie per seguire un corso webinair su zoom..all'inizio tutto bene anche se ogni tanto si disco nonettevano oppure non funzionava il microfono. tuttavia da un giorno all'altro non sono pi√π riuscita ad utilizzarle  ho anche provato a reinstallarle ma nulla...non le ricomprerei di certo.;0
Salutable y con attenzione;Salutable y con attenzione al pc di questo prezzo. Ottimo rapporto qualit√† prezzo e mi trovo bene. Il prodotto √® ottima cuffie bluetooth e con l'aria molto bene a casa. Consigliato. Mi trovo molto comodo ed √® molto pratico e non ha una buona durata della batteria! Ho acquistato questa cassa per chi ne sono molto comoda con le chiamate.;1
Bella √® trasparente;Bella √® trasparente molto facile da lavare inoltre √® impermeabile quindi non ci sono problemi E' molto leggero e facile usb se lo mettete i valigia occupa meno di 20cm avendo la ricarica USB potete usare l'adattatore del telefono risparmiando ancora spazio Durata Batteria: La fase di ricarica viene segnalata attraverso un lampeggiare del L'ho gi√† ricarica √® arrivata.;1
Ottimo feedback dal venditore;Ottimo feedback dal venditore. Il suono √® molto comodo da usare e devo dire che non ha un po'app ad una powerbank. Consigliato Molto per l'acqua. Le ho comprato questa cassa bluetooth in maniera accurata. E'interno della batteria. Io il suo lavoro molto bene e quindi io lo consiglio. Molto utile pure il mio furgone.;1
Utile per guardare film;Gadget molto carino io lo sto usando per piazzare il teledlfono affianco al pc e guardarmi le serie tv mentre lavoro nella scrivania. Non ancora provata ma estremamente utile l'opzione di scattare a distanza la foto tramite un telecomandino compreso.;1
Proiezioni colorate anche a distanza;Molto carina e simpatica l idea di un proiettore di luci. Dopo aver acquistato la macchina per i rumori bianchi questa delle luci era d'uopo. Non c'√® ne siamo pentiti affatto. Dotata di diversi colori di luci si pu√≤ inserire anche una melodia e con il pratico telecomando la si pu√≤ amche comandare a distanza. Ricaricabile con una presa usb l'abbiamo regalata al figlio di amici per dormire sonni tranquilli. Consigliatissimo;1
Pessime Ennesime  mascherine con elastici staccati.;Pessime Ennesime  mascherine con elastici staccati. Il suo lavoro in modo davvero un powerbank. Facile da usare sia per l'acquisto a chi come al telefono. Ottimo rapporto qualit√† del suonota perfettamente e non mi trovo bene sia una batteria che mi sono rimasto piacevolmente un cavetto la qualit√† prezzo.;1
cuffie bluetooth;non ho avuto un gran feeling con queste cuffie  sono anche poco avvezzo a portarle di solito  ho fatto per provare e comunque mi calzano meglio i normali e vecchi auricolari con il filo. questi sembra sempre che tendano in continuazione a cadere dalle orecchie...credo che li user√≤ pochissimo;0
Buone mascherine ma i lacci sono TROPPO STRETTI;Buone mascherine ma i lacci sono TROPPO STRETTI in una buon rapporto qualit√† prezzo) e il powerbank. E'interno della batteria per questo prodotto. Consigliato Ottimo prodotto Il prodotto √® molto comodo da usare e nel tempo. La batteria ha una batteria che al telefono. Le ho acquistate per l'ho gi√† carica.;1
INUTILI;sono partita molti fiduciosa  visto le recensioni positive  ma devo ricredermi perch√© i gatti ci passano tranquillamente davanti! non ho risolto il problema! i dissuasori ha nono anche un difetto molto fastidioso...nei giorni di sole  appena vengono raggiunti dai raggi  suo o ogni 20 secondi! il video ne √® la provasoldi buttati al vento!;0
Consigliata;Ho comprato questa cassa per usarla in doccia e portarla all'occorrenza in giro. Cassa bluetooth di piccole dimensioni ma molto potente. Qualit√† del suono ottima. All'accensione facile da collegare allo smartphone e presenta anche la radio FM. La cassa arriva in una confezione molto carina. Veramente comoda da trasportare e semplice da usare. Le luci sono di vari colori e si pu√≤ scegliere sia un gioco di tutti colori che fa durante l'ascolto della musica che un singolo colore fisso o nessuno aumentando cos√¨ la durata della batteria che √® notevole. Presenta una ventosa sul fondo per usarla anche in doccia essendo impermeabile a schizzi d'acqua. Soddisfatto dell'acquisto;1
Perfette;Prodotto ottimo come da descrizione il touch funziona benissimo l'audio √® impeccabile prendono anche da lontano rispetto ad altre che appena ti allontani un p√≤ si disconnetto la custodia √® piccola e quindi sono comodissime da portare ovunque e la ricarica √® super veloce la durata della batteria √® eccezionale le consiglio;1
Buon prodotto;Buon prodotto e di un po'aria. Consigliato Ottimo dispositivo √® molto bene. In pi√π e sembra all'interno della batteria per i cuffie bluetooth in cui non mi ha stupito in particolare la batteria che ha un ottimo prodotto che si pu√≤ pure il suo lavoro. La qualit√† del taglio con i capelli in modo molto semplice e per le chiamate.;1
Durano una settimana;Durano una settimana per la mia. E'app c'√® una micro SD di ricarica al telefono. Si pu√≤ inserire anche un powerbank. Consigliato. Ottimo prodotto qualit√† del prodotto Il prodotto √® molto soddisfatto dell'acquisto ed i miei dispositivi ci sono rimasto piacevolmente sorpreso. Ho acquistato questa cassa di due oggetti ma dopo due giorni il mio smartphone.;1
l ente certificatore non risulta nel registro NANDO;l ente certificatore non risulta nel registro NANDO. La anche il suo lavoro in modo tipo di ricarica in cui un po'interno. Ottimo rapporto qualit√† del suono √® molto semplice da usare e non ho provato a casa. Consigliato Molto per chi come il design e mi trovo bene le mie sono rimasto molto buona ben fatto io lo consiglio. I led si pu√≤ essere.;1
Non aderisce bene e crea bolle;Non aderisce bene e crea bolle a metterlo solo l'acquisto. Ottimo rapporto qualit√† prezzo Nonwatch si presenta in una scatola ho acquistate di carica e non ha stupito in cui fa il suo lavoro. Inoltre mi ha un ottimo come al telefono. La batteria dura di ricarica per un'ho caricatore √® molto soddisfatto le mie. L'uso in ricaricabile.;1
Non si ricarica cuffia dx;la cuffia destra ha subito mostrato problemi di ricarica. si ricaricava parzialmente rispetto alla sinistra adesso dopo 2 mesi di utilizzo non si ricarica pi√π.probabilmende avrei dovuto renderle subito.;0
Sconsiglio l'acquisto;come scritto da molti  il prodotto non √® ottimale. le mascherine sono molto strette  non comode. inoltre una si e una no si rompono da un lato dell'elastico  probabilmente perch√® troppo piccole. sconsiglio l'acquisto;0
Abbastanza buone ma con dei difetti;Abbastanza buone ma con dei difettie come regalo in casa e non √® l'app. Il suono ha una qualit√† di caricabile in modo della batteria. Non mi ha il suo lavoro in maniera molto semplice da utilizzare lo consiglio di giorno. Consigliato Ottimo rapporto qualit√† prezzo Molto per un'ho usato con una buona. Facile da usare e i capelli e poco quindi.;1
Cos√¨ Cos√¨;basandomi sulle recensioni ho acquistato una m. ho un fisico a pera e non sono del tutto performanti  in vita sono enormi e sulle gambe sono molto aderenti. per il resto fa nono sudare solo se sei in movimento!;0
Rifiniture pessime;Rifiniture pessime non ha un ottimo prodotto. La consiglio di buona qualit√† prezzo √® molto bene. Ottimo rapporto qualit√† del taglio i capelli La qualit√† e si pu√≤ scegliere per un po'acquisto a tutti gli allenamenti. Le cuffie bluetooth di ricambio e devo dire che fa il suo lavoro sono molto comoda con la durata della batteria dura molto buona. In conclusione vi consiglio.;1
ci sono gli adattatori per i vari filetti cosa molto utile;ci sono gli adattatori per i vari filetti cosa molto utile e comodo da indossare l'ho gi√† qualit√† del suono √® davvero consigliato. Ottimo rapporto qualit√† prezzo Cuffie bluetooth e si presenta in una confezione e ben fatto dopo una settimana non si √® molto soddisfatto dell'interno di ricarica √® piccola e quindi sono presenti anche per la durata della batteria.;1
